image_id,site_id,pointing_game_score,seen_site
RMP/shore_plover/41647B89-D85C-40FA-A0FC-143FFEDA302E.JPG,RMP_ICAMM77,0.5065709948539734,False
ACC/little_blue_penguin/AAB2FB0A-85B0-45A1-961A-8D7F01D7F5A9.JPG,ACC_unknown,0.055959302932024,True
KCR/kiwi/9e903dfd-e8c2-4863-958f-6eb621de41f2.JPG,KCR_HOR2,0.5326529741287231,False
EFH/fantail/0DC5BA37-7458-434D-848E-544F1C5487D7.JPG,EFH_HCAMD08,0.47235995531082153,True
EFD/dunnock/D9E96F9B-1A49-4CD1-83F2-545C0B6A58B9.JPG,EFD_DCAMA03,0.09679356217384338,True
ACC/kiwi/DC8C6FF1-69E6-4535-926F-67C730C0CBE3.JPG,ACC_unknown,0.8344528675079346,True
EFD/dunnock/10F773D9-153B-4CB0-9E7D-55B94C3EF903.JPG,EFD_DCAMG02,0.0,True
EFD/silvereye/CE488C62-3417-4C92-87AF-586297F00CE0.JPG,EFD_DCAMH01,0.42382392287254333,True
KCR/kiwi/f2fb1740-036a-42ca-b01c-d77caf604bc0.JPG,KCR_MIL21,0.6310610175132751,False
KCR/kiwi/3a22a759-5ebb-49b9-a443-edc0b4e13baf.JPG,KCR_GAR08,0.6767241358757019,False
KCR/kiwi/431bbd1f-7765-42be-b324-140cd08c0189.JPG,KCR_FER20,0.44965431094169617,False
ACC/kiwi/9DE9A55F-9196-47D9-8B65-A7867A58C96F.JPG,ACC_T19,0.40602490305900574,False
EFD/tomtit/3AE93B10-7616-4CFE-B54F-77341FBAE138.JPG,EFD_DCAMH03,0.604531466960907,True
ACC/little_blue_penguin/5BDA8FD1-DF91-4F60-9230-BD10FF5C0572.JPG,ACC_unknown,0.3873623311519623,True
ACC/little_blue_penguin/7D4DAE03-EA8B-4F23-BBE4-D37B7FECE458.JPG,ACC_unknown,0.15005427598953247,True
EFD/fantail/68255D49-C618-4DE7-B577-B5E69B93C151.JPG,EFD_DCAME07,0.30602768063545227,True
ACC/pateke/0E85AA68-FBB7-4D96-82D3-BBB9E33E3CCC.JPG,ACC_T19,0.14605304598808289,False
ACC/pateke/AE00500C-196C-4C50-8B1B-0356BC7BF512.JPG,ACC_T19,0.3190115690231323,False
ACC/pateke/94882B2B-DA1B-40DA-9752-1320FFC3870B.JPG,ACC_C063,0.12058693170547485,False
EFH/harrier/2682F9B9-F3E4-4D99-9F75-9E8146A07C8F.JPG,EFH_HCAMF11,0.2605176866054535,True
EFH/robin/52EE5D03-9F4D-43E6-8168-855A506A09CB.JPG,EFH_HCAME05,0.3616606295108795,True
EFD/rifleman/9BBCE1DA-230C-4E39-BBC4-3A92B39E3CCA.JPG,EFD_DCAMC04,0.2354261726140976,True
EFD/harrier/7E016784-6C02-4864-9226-C31D6D0870AC.JPG,EFD_DCAMF08,0.90001380443573,True
ACC/pateke/DBA1EC27-B73E-4D37-B71D-76B557DBAEE3.JPG,ACC_T19,0.14333263039588928,False
RMP/pukeko/026EC7BE-3556-4310-94AE-B5AA099030F1.JPG,RMP_ICAMM76,0.9285414814949036,False
ACC/little_blue_penguin/918BFAAC-6287-42A9-AEEF-EBCD595B56ED.JPG,ACC_038,0.09444869309663773,True
ACC/kiwi/DE757B6F-CEB0-4E44-8DE2-BB35002C0B44.JPG,ACC_unknown,0.6711858510971069,True
ACC/pateke/B80EFEBD-7F50-4959-95ED-0D7DE45411CB.JPG,ACC_T009,0.381319135427475,False
EFH/robin/9FEC721C-1046-4BC3-855F-320C3183896F.JPG,EFH_HCAME05,0.30252403020858765,True
EFD/yellowhammer/0E167E1E-C66B-4BFF-926B-14297BC3EDA2.JPG,EFD_DCAMF06,,True
ACC/pateke/2A75B408-8B1D-40AF-920C-B4FAC934AA10.JPG,ACC_T009,0.2665310204029083,False
EFH/morepork/B7830FD4-703C-4B09-A8D2-CF79BF687F8F.JPG,EFH_HCAMD05,0.29569724202156067,True
ACC/kiwi/A57AC32C-FC41-456D-9DDD-E0ACBB2DBFF6.JPG,ACC_unknown,0.42456674575805664,True
R30/little_blue_penguin/1C02224C-0E25-4317-AF9F-F220E8111FAE.JPG,R30_RCAMSC004_2023_30,0.9394131302833557,False
EFH/rifleman/0E03D1B6-6819-420D-9263-DB3B6DA12152.JPG,EFH_HCAMB10,0.11387765407562256,True
EFH/rifleman/D88ACE9D-A60F-4268-8BC9-77B04BB0D521.JPG,EFH_HCAMC07,0.13810281455516815,True
Z20/fantail/b49f1a81-a699-4895-a37d-14330d76cfc0.JPG,Z20_3TM650,0.2081652283668518,False
ACC/pukeko/E5000410-BFA7-4714-9237-C240DC284CBD.JPG,ACC_T68,0.7953774333000183,False
EFD/rifleman/030B4C93-D33D-4A11-9C72-8844B8B27BDC.JPG,EFD_DCAMA10,0.4027913808822632,True
RMP/myna/012DC256-647B-4BAB-BB4F-6D85957BEB62.JPG,RMP_ICAMM76,0.29265090823173523,False
ACC/pateke/EC77E204-E81C-4899-9BC1-2B2343F1BA16.JPG,ACC_T009,0.46560925245285034,False
Z20/morepork/81fb71d9-bd87-4e5a-bc97-00cf269a28f0.JPG,Z20_KT292,0.7524906992912292,False
EFH/kiwi/977D6E4F-12B5-4784-828B-3B2E5BE0E1F4.JPG,EFH_HCAME04,0.4276600480079651,True
EFH/dunnock/765174DA-386C-4975-9FC8-DA4DEC082414.JPG,EFH_HCAMF02,0.3176952004432678,True
EFH/blackbird/D7F04F2D-2612-4421-8D57-8FF776B108AA.JPG,EFH_HCAMG12,0.7439072132110596,True
EFD/dunnock/4CDCDC0E-FFCD-4BBC-A74F-EA816BBB9BE1.JPG,EFD_DCAME09,0.26205527782440186,True
KCR/dunnock/5ee5a2e6-d4a4-4751-b7df-f5518efa964c.JPG,KCR_MIL8,0.12756693363189697,False
EFH/blackbird/C22A1364-DB36-46CE-8234-EE89E1DD821E.JPG,EFH_HCAMF02,0.8211343884468079,True
Z20/kiwi/caf035c0-3583-4d65-8e5c-bdd36c6c050f.JPG,Z20_3OMAA100,0.762768566608429,False
EFH/robin/3100B890-25ED-456E-88A2-87F77B8A53F1.JPG,EFH_HCAME05,0.2599642276763916,True
ACC/pheasant/2B567219-7E94-41B7-A67E-8AAC9E9E1696.JPG,ACC_002,0.39225003123283386,False
RMP/mallard/F5031A39-8578-4A9F-8062-B9E67E8513D5.JPG,RMP_SCAMM35,0.06397765129804611,False
EFH/bellbird/B8E7A471-DC34-4E99-ACF2-EA844A2EA89E.JPG,EFH_HCAMB11,0.3494608998298645,True
RMP/pateke/B7BD0EA5-9556-4C35-90A8-1FE346B8F4C5.JPG,RMP_SCAMM35,0.21860858798027039,False
Z20/kereru/0f437a0e-d939-4187-9ed5-af0193b5768f.JPG,Z20_3SIA350,0.9833988547325134,False
EFH/kea/976CA606-7B76-46E3-B9AB-5D318AEAA1D5.JPG,EFH_HCAMD01,0.619251012802124,True
Z20/tomtit/6d04dc5d-90a6-4221-99f7-efc8785a5879.JPG,Z20_W255,0.7110365629196167,True
ACC/morepork/AD1E91A4-122B-4EC3-BB16-543858B227EF.JPG,ACC_unknown,0.05439630523324013,True
ACC/pateke/9A27B112-036E-4CA0-9A54-12844D49D7E6.JPG,ACC_T065,0.0,False
RMP/myna/6718403E-4363-4BF1-9DED-7891FF86C490.JPG,RMP_ICAMM76,0.384400874376297,False
RMP/pukeko/DC1687FA-ABBA-4559-A267-B79711F51965.JPG,RMP_HCAMM20,0.7829820513725281,False
EFH/rifleman/4DE55690-6155-4A4D-B296-1D87B949F5F3.JPG,EFH_HCAMC02,0.0007134255720302463,True
EFD/harrier/7066E9AA-50B5-4264-B468-B577F44E887E.JPG,EFD_DCAMF01,0.9621615409851074,True
RMP/pukeko/53555FD3-8FFC-404E-ACA1-528DA2E678C3.JPG,RMP_HCAMM20,0.8330832123756409,False
ACC/pateke/58B5205E-213A-4712-BD70-026795E6C866.JPG,ACC_57,0.49069082736968994,False
RMP/pukeko/009A57A7-7ED0-4E93-9DA8-131F629E3FCB.JPG,RMP_ICAMM77,0.9068425893783569,False
RMP/paradise_duck/E30BECC0-86FA-43B3-A55F-85EF78D627B1.JPG,RMP_ICAMM78,0.6847019195556641,False
EFD/dunnock/3BBDF784-3163-49CC-B35B-8CA932052359.JPG,EFD_DCAMB02,0.5118427872657776,True
EFD/fantail/C0F76844-68DA-4418-983B-0DFDDD422429.JPG,EFD_DCAME09,0.42190805077552795,True
EFH/kea/B257800C-4100-4194-8C49-0DC7C8A1EAEA.JPG,EFH_HCAMC01,0.6221898794174194,True
EFD/rifleman/EBF0440D-A70E-4447-BA81-07C4C981DD87.JPG,EFD_DCAMB02,0.48096150159835815,True
EFD/rifleman/FB16C9C7-E067-46AE-8E00-FF4E06797AA2.JPG,EFD_DCAMC04,0.3835545480251312,True
Z20/kiwi/6dabc21f-7585-4017-be0d-e6aa91c92446.JPG,Z20_3CO200,0.5848602056503296,False
Z20/kiwi/d175ac72-4438-41d5-bfd8-1fb5f449c41a.JPG,Z20_3AA300,0.9017062187194824,False
KCR/dunnock/a475e335-3554-45b4-9c5b-a0cf777b4206.JPG,KCR_FER12,0.9480143785476685,False
R30/little_blue_penguin/DA35711D-3836-4844-9BCB-C769C34C1C24.JPG,R30_RCAMSC004_2023_30,0.7115990519523621,False
EFH/rifleman/68FE8A01-197B-42C8-805E-BA2835C576BD.JPG,EFH_HCAMA06,0.2644321918487549,True
KCR/kiwi/00169b8c-4bf5-47c7-b67e-d9f98408ddc3.JPG,KCR_GAR08,0.532800555229187,False
DW2/kereru/9D9F983F-34B5-469B-B9B1-C378E64507BB.JPG,DW2_BCAMWT002_2023_1,0.998056173324585,True
EFH/fantail/AF6D6A8F-6018-4BBB-ABE6-0488D410CF5B.JPG,EFH_HCAMD06,0.23974835872650146,True
RMP/spurwing_plover/24AF5C67-3470-49E4-A078-8A67F8A18B6A.JPG,RMP_SCAMM85,0.06951538473367691,False
PS3/tomtit/f5b633fa-a4f2-44bd-9ff0-12ce076d5415.JPG,PS3_CAM6723,0.7254964113235474,True
RMP/myna/B96E8626-117A-4CD9-B967-B614DCD52460.JPG,RMP_HCAMM93,0.2041860967874527,False
EFD/rifleman/385741B4-45C5-473D-9E83-43D55A38AB57.JPG,EFD_DCAMC04,0.35349300503730774,True
DW2/kereru/2A82D076-CF88-4A46-94CA-E875FD07AA9E.JPG,DW2_BCAMWT002_2023_1,0.8869318962097168,True
EFH/dunnock/C57EC813-F466-4C03-845B-CFCFA8AAFD87.JPG,EFH_HCAMF07,0.09210646897554398,True
PS3/kiwi/f214cdef-513b-417a-8677-16816de3146d.JPG,PS3_CAMCREK,0.81776362657547,True
EFH/robin/E46BBE3E-E92C-40AC-9602-75FB4AB74981.JPG,EFH_HCAME05,0.3284913897514343,True
EFH/kiwi/0055A0E8-2930-4EBF-B82D-0AC18CEBCB78.JPG,EFH_HCAMA11,0.7812762260437012,True
RMP/pateke/CFA460B6-A416-4056-8EA2-FC52FAEC0564.JPG,RMP_ICAMM79,0.3940224349498749,False
EFH/dunnock/49C0B1AA-BA90-4D1E-9CC1-0830799EDDBC.JPG,EFH_HCAMG12,0.2732175886631012,True
PS1/kea/32c3b850-0767-43c2-8932-33a8154f6c24.JPG,PS1_CAM7925,0.6913608908653259,False
KCR/dunnock/edbff877-f8a9-4a2a-8dea-28db2107f117.JPG,KCR_RYA6,0.0,False
KCR/dunnock/8a25710f-ee4f-427f-a9f6-ec52e80db4a1.JPG,KCR_GAR21,0.0,False
Z20/fantail/74cb7df5-8678-4419-a08d-80187f3fb549.JPG,Z20_3TM550,0.451172798871994,False
EFD/silvereye/EAD6D695-5CF3-4F6B-898E-C22CC9428C86.JPG,EFD_DCAMH01,0.3256695568561554,True
RMP/myna/C54E906A-69AC-4971-BE74-FF8E8691446F.JPG,RMP_ICAMM76,0.9221259355545044,False
EFH/rifleman/FCAE8907-E582-4F69-BDFC-0655DB820A44.JPG,EFH_HCAMA09,0.09724733978509903,True
EFD/fantail/7543A4F9-C913-42DE-AA23-1769A8B1F9BA.JPG,EFD_DCAME09,0.6484295725822449,True
EFD/harrier/A320A07B-12E2-48CF-B2CE-5B05F83C3212.JPG,EFD_DCAMG04,0.8961600661277771,True
ZIO/fantail/7e1ddc22-fd1d-4745-921a-15d92dc28097.JPG,ZIO_STATIONO6,0.958347499370575,False
EFH/fantail/B6FEF3A5-2E50-4961-82DF-380EB8897081.JPG,EFH_HCAMD06,0.38677412271499634,True
EFH/dunnock/D14F5A95-281F-40E3-B018-C4B4357DC31E.JPG,EFH_HCAMC09,0.04942748323082924,True
HLO/tui/5C5C0EA0-DE41-466A-8A9E-CAD8477ED183.JPG,HLO_HPAT003,0.032978832721710205,True
EFD/fantail/8914B6B3-5622-4093-B533-C452B8F1B12C.JPG,EFD_DCAMC04,0.10763215273618698,True
EFH/kea/0B4C1829-311D-4CDC-B7F0-DE19CACB3F4F.JPG,EFH_HCAMB01,0.9716740250587463,True
RMP/myna/4F1286A5-B6E3-4420-9D2F-4C28ED26FBA3.JPG,RMP_ICAMM78,0.26091936230659485,False
RMP/spurwing_plover/DEFBBA0F-08D1-4868-B43E-E61E1DA764F8.JPG,RMP_SCAMM82,0.2721903622150421,False
R29/little_blue_penguin/B2BE45EE-3799-49CD-A692-B3AF8CF94F29.JPG,R29_RCAMSC005_2023_29,0.8436533212661743,False
Z20/fantail/50d1ebf9-44ef-42d5-aff1-d69fc87e5826.JPG,Z20_IQ185,0.5130517482757568,False
EFD/robin/BCA8BF8C-7227-496F-8408-F816AEFC70AE.JPG,EFD_DCAMH04,0.421452134847641,True
Z20/kiwi/60467877-e39d-4202-81a3-9c27824b8516.JPG,Z20_3EE500,0.9559744000434875,False
ACC/pukeko/27BF96C7-0CB8-4F60-A488-F34C44AE0834.JPG,ACC_T36,0.8479681015014648,False
EFH/greenfinch/B4DE0203-BF6E-47A2-A3CC-2554AF73AE6E.JPG,EFH_HCAMF01,0.2870512306690216,True
EFD/tomtit/5ED82247-0DEB-4382-B90C-BDD978DCF4DC.JPG,EFD_DCAMH01,0.5083015561103821,True
AHO/chaffinch/90db910d-906d-47bf-87c6-9d9a10913aa7.JPG,AHO_T2.3.1,0.38792505860328674,False
RMP/myna/564D337F-D3E9-49D3-AFAA-8BD84EDD8A1D.JPG,RMP_HCAMM24,0.3347949981689453,False
KCR/dunnock/14bc316e-1a7c-4e5d-83ce-d2e34931bfbb.JPG,KCR_FER12,0.9357146620750427,False
RMP/myna/06B531BB-59C3-4972-A366-4D093A8979B1.JPG,RMP_HCAMM93,0.1841832399368286,False
KCR/dunnock/3fd741f3-4f40-4f03-9026-f3dca9783976.JPG,KCR_RYA7,0.0,False
EFH/rifleman/913D9F22-9964-4800-93CD-53173CF83899.JPG,EFH_HCAMC08,0.4249202013015747,True
ACC/pateke/BE3A074A-02FD-4134-AAE9-816FF132FC48.JPG,ACC_unknown,0.16590331494808197,True
RMP/myna/3610E3E7-B0FA-4F9F-9E64-CE9B847DF070.JPG,RMP_HCAMM93,0.2411806434392929,False
RMP/pateke/65A9BF25-A922-4652-B529-FA39C67B6951.JPG,RMP_SCAMM82,0.07347133010625839,False
EFH/tomtit/A9974836-FF49-480F-928C-9DE55F65BC6E.JPG,EFH_HCAMH10,0.1315237581729889,True
Z20/morepork/94bd75bb-2ac2-4978-8296-f3871b7946c1.JPG,Z20_3KE108,0.06545889377593994,False
RMP/pateke/F2492A7E-7A5A-4DDD-BCB2-0993946D2ED9.JPG,RMP_ICAMM79,0.6066425442695618,False
RMP/myna/EB837627-7597-4951-9F17-0A03EBE3F809.JPG,RMP_HCAMM93,0.19437569379806519,False
RMP/oystercatcher/AA7EC040-9B25-418B-87A4-7A805CC1F4DA.JPG,RMP_SCAMM83,0.00010855875007109717,False
EFH/greenfinch/576E4812-D01C-4C2F-8B6B-86799C671989.JPG,EFH_HCAMB01,0.0087774358689785,True
KCR/dunnock/237dc410-1e7a-48bc-92e5-04ba14072a40.JPG,KCR_MIL1,0.0,False
RMP/spurwing_plover/82226E4C-EC39-47E1-9D8F-99A3C2B43681.JPG,RMP_SCAMM85,0.05826741084456444,False
RMP/myna/5A915B6D-69FC-4BDC-B531-F016AF68D325.JPG,RMP_ICAMM73,0.5917845368385315,False
KCR/fantail/bfc99c74-3c5c-4411-a9a6-b8a4b1c41bd9.JPG,KCR_RYA5,0.11658141016960144,False
Z20/kiwi/ca3dfaf5-8756-4dd2-9bd6-9c4239acf0f7.JPG,Z20_3LA1850,0.8755932450294495,False
RMP/quail_brown/C0E0B10C-78DF-450A-89AB-A4FEED5F1858.JPG,RMP_HCAMM24,0.11991062015295029,False
EFH/robin/C2545554-4CF6-40C4-93FC-B9FE07C6AE36.JPG,EFH_HCAMA02,0.5173653364181519,True
RMP/myna/23C29530-0CD2-4E7C-BC9A-7B77F918CAA2.JPG,RMP_HCAMM93,0.40002235770225525,False
Z20/tomtit/88cc53af-23ab-4577-9500-164da9f4e759.JPG,Z20_3MM4450,0.025449613109230995,False
RMP/spurwing_plover/AC7D7768-A2F6-4BA2-B810-215CC2E73B0C.JPG,RMP_SCAMM85,0.2728476822376251,False
RMP/myna/6402385B-5B33-4B63-BB19-6A5F0B1D099E.JPG,RMP_HCAMM93,0.4277353286743164,False
HLO/dunnock/05FF8233-DD0E-4800-AE9F-CAB7E63EF867.JPG,HLO_Moto2,0.009845544584095478,True
FGA/harrier/E65443E2-5346-4B4D-8835-D3A7B9A6044F.JPG,FGA_CAMERA1,0.45134323835372925,False
HLO/silvereye/64A48928-3196-4461-9E78-04A7B483B40B.JPG,HLO_Moto3,0.0,True
EFD/rifleman/129903F1-7CF7-4C3C-AB30-A595F5996864.JPG,EFD_DCAMC04,0.2167062908411026,True
EFH/yellowhammer/04B590EC-9668-4F7B-A6BD-B57D16E3E1C7.JPG,EFH_HCAMG06,0.0,True
KCR/dunnock/189261b3-e633-43fc-9ee7-c4f924854721.JPG,KCR_GOLF02,0.0,False
EFD/fantail/9EC66AE8-C54C-4CE9-9806-43C9DEBFA59E.JPG,EFD_DCAMC04,0.0,True
EFH/robin/E4D2FC56-7ED8-4A61-8CEC-6F383793DBD8.JPG,EFH_HCAME05,0.163597971200943,True
EFH/silvereye/56E1646C-1D7F-4777-89F2-D96E4ED6CB94.JPG,EFH_HCAMB11,0.005820853170007467,True
EFH/robin/340E0DB9-1B7E-4567-9E34-348D03557961.JPG,EFH_HCAME05,0.2929812967777252,True
Z20/kereru/ad91b7f2-4911-4e17-8603-e165057758ac.JPG,Z20_3SIA350,0.9079285264015198,False
EFD/chaffinch/6DC2BC51-2180-4320-8676-05B6E25082E9.JPG,EFD_DCAME04,0.19317598640918732,True
ACC/pateke/169C9DC9-58D7-4638-A739-7A9B0879DD84.JPG,ACC_57,0.4798234701156616,False
EFH/fantail/1FC05D80-7C9A-4C28-B48D-3BE70339988D.JPG,EFH_HCAMC08,0.6065676808357239,True
RMP/fantail/EF805A30-7177-4441-840B-8F848394674B.JPG,RMP_HCAMM21,0.6487972736358643,False
R30/little_blue_penguin/EDEB2B42-A311-441C-A3D0-6EBE9C75A376.JPG,R30_RCAMSC005_2023_30,0.6744433045387268,False
Z20/fantail/684fc0db-c38e-46b0-a167-269f80a7d0c2.JPG,Z20_OKARIK169,0.0,False
KCR/chicken/d7f70d86-21e9-4ccf-b782-25f8c4d57143.JPG,KCR_HOR2,0.6303533911705017,False
FGA/harrier/FAEA0229-DE08-4CDA-AF9E-6C684E474004.JPG,FGA_CAMERA1,0.47014206647872925,False
RCN/kiwi/1d175549-131a-4a0f-a09a-c3542b1de61a.JPG,RCN_HAWCAM03,0.7308626770973206,False
EFD/fantail/44223E72-BAA1-4DAF-8E58-3E70E5E8EB66.JPG,EFD_DCAMC04,0.13320717215538025,True
PS1/weka/aa83ccd1-738d-4a52-b994-843d34a37ac1.JPG,PS1_CAMFC01,0.9690849781036377,True
EFH/rifleman/52AB4D4C-9734-488A-937B-C1CC7FE13EBB.JPG,EFH_HCAMC08,0.22455191612243652,True
EFH/yellowhammer/11516C77-A892-490A-BEE5-DA7864C293EB.JPG,EFH_HCAMG06,0.000681339530274272,True
DW2/kereru/7221CB8B-290A-4A68-8248-235543B12883.JPG,DW2_BCAMWT004_2023_1,0.0,True
RMP/oystercatcher/3C9D22F7-439A-48FA-B980-91FA614D0CF2.JPG,RMP_SCAMM85,0.25768613815307617,False
ZIO/fantail/10a5aefa-98be-4e11-bb82-cf028c4f43fc.JPG,ZIO_STATION13,0.0,True
EFH/bellbird/D590159D-1A54-4D8D-9764-88D9D4C53AF1.JPG,EFH_HCAME01,0.07691657543182373,True
KCR/kiwi/341c908a-b7ab-421b-93f8-8be0e1b0a2ed.JPG,KCR_HOR16,0.3852313756942749,False
DW2/kereru/7D431149-0175-40EB-8DDC-D4DB69137BA4.JPG,DW2_BCAMWT004_2023_1,0.7077478766441345,True
PS1/tomtit/bf202bfc-4ad0-41c8-b15c-f583d55c89ad.JPG,PS1_CAM6723,0.7231348156929016,True
EFD/rifleman/96A635A8-B534-47C0-B5C2-BF5ED417918F.JPG,EFD_DCAMA07,0.3161003291606903,True
ACC/banded_rail/FA808F6A-E6F6-4888-A00D-A5EC404CA3DB.JPG,ACC_T006,0.7058424949645996,False
RMP/pateke/8A133ABB-932F-4DE5-9B56-25F5475DDC36.JPG,RMP_ICAMM79,0.8321263790130615,False
Z20/morepork/ce197098-db6e-4a2f-b18e-df2da60f9df4.JPG,Z20_3LA0,0.40226292610168457,False
EFH/greenfinch/98CCBAFC-A4F3-4909-B078-86749CF7EA5C.JPG,EFH_HCAMF01,0.3593032956123352,True
RMP/little_blue_penguin/799940EE-2821-4B8F-A6FC-354493DAF312.JPG,RMP_SCAMM33,0.8897709250450134,False
KCR/dunnock/ead8abbe-94d5-449d-85b7-2cb46e965eaa.JPG,KCR_FER12,0.9377112984657288,False
EFH/morepork/7BEB293C-B04B-434F-9A0C-28A78D247408.JPG,EFH_HCAMD10,0.4792849123477936,True
KCR/kiwi/a0ed76c8-2d0c-448b-be2e-b9b48648b2f7.JPG,KCR_GAR07,0.5882446765899658,False
ACC/pateke/75750FA8-46DB-4419-9331-3B813FF61CBF.JPG,ACC_57,0.24644997715950012,False
RMP/oystercatcher/03C67FB1-0A15-474C-AB97-77F6E5230F81.JPG,RMP_SCAMM83,0.23580633103847504,False
RMP/spurwing_plover/DE80FC46-B24D-41F1-AAE7-649E0646635F.JPG,RMP_SCAMM85,0.04184213653206825,False
Z20/morepork/164f3560-6bb7-4327-8cb8-0b689768a8d8.JPG,Z20_IU191,0.156172975897789,False
AHO/chaffinch/0c82b9ef-fe92-46fa-bf57-2cdc0e1b2f98.JPG,AHO_T2.1.1,0.5875251293182373,True
KCR/kiwi/48c40b9d-caff-4807-8525-6d7d58c2799e.JPG,KCR_HICKS02,0.6638766527175903,False
EFH/harrier/67EC6D33-628D-4DB7-8D72-B9D72020D3BA.JPG,EFH_HCAMG08,0.9527055621147156,True
Z20/kiwi/03ea8bfb-4d4c-4db3-9a1d-864f07345f50.JPG,Z20_3CO200,0.4849367141723633,False
R30/little_blue_penguin/9CC3F232-67B9-4285-A842-545EE3A9EBDE.JPG,R30_RCAMSC004_2023_30,0.9007585644721985,False
R30/little_blue_penguin/E6D8304E-EF3F-4BC7-BB16-2181F76B1142.JPG,R30_RCAMSC004_2023_30,0.9564480781555176,False
ACC/pateke/F79E5260-E080-403D-8494-E5516039143F.JPG,ACC_57,0.008954266086220741,False
EFH/tomtit/AADA9CAB-FEED-4C74-A429-C4F42DF1A9C3.JPG,EFH_HCAMC06,0.34639406204223633,True
RMP/myna/63CE4553-A61E-45EB-BD4A-A94B70931A88.JPG,RMP_HCAMM26,0.16853025555610657,False
EFH/robin/7A413DF8-4D3C-49BC-B0E3-0B6F7A97FCF8.JPG,EFH_HCAME05,0.3374575972557068,True
KCR/kiwi/9d5f66f1-9f96-4b40-9536-dd468b5eb3f8.JPG,KCR_GAR09,0.809293270111084,False
ACC/whitehead/2CA08964-413B-40D8-A44E-3F4237F0332B.JPG,ACC_TCAM071,0.7871577143669128,False
RMP/pukeko/1494204D-EB5B-45F0-83D3-968613916AEA.JPG,RMP_HCAMM22,0.4800208508968353,False
EFH/rifleman/68E174BF-C2B7-477D-95EA-56C33203444C.JPG,EFH_HCAMC08,0.15805338323116302,True
EFD/dunnock/93135E5A-0CC9-422E-BA25-3B8084EE535D.JPG,EFD_DCAMH01,0.16121616959571838,True
Z20/tomtit/dfbc4328-1b07-484c-b3e0-97537069a5e1.JPG,Z20_3EE500,0.43342265486717224,False
PS1/weka/8cf66ae4-8852-4783-84ff-1b55fbb5ad21.JPG,PS1_CAMFC01,0.8885401487350464,True
ACC/pateke/268BBC5F-448E-4F5F-BEEA-3E82E3ED4CD2.JPG,ACC_T41,0.004322144668549299,False
EFH/fantail/6D79F7C0-29AA-4EC8-A19B-B2A69F4544B7.JPG,EFH_HCAME01,0.18842953443527222,True
RMP/oystercatcher/A2AF29A5-16FC-4944-87B1-93CFAA971790.JPG,RMP_SCAMM83,0.16686353087425232,False
EFH/greenfinch/41E85C56-52BD-4F21-8129-1E2D53DD7DB8.JPG,EFH_HCAMG14,0.48577800393104553,True
ACC/pheasant/0EA440C6-9078-4AE3-AC6D-D01D6484068B.JPG,ACC_TCAM015,0.9458181262016296,False
Z20/kiwi/9e2fceab-baa1-4b9b-8f00-d84177df51bd.JPG,Z20_3P4500,0.6049660444259644,False
KCR/dunnock/5e14f26a-6885-4db2-bbf4-1fd3f5d6d10f.JPG,KCR_FER12,0.9126502871513367,False
ZIO/fantail/86ed5af8-4681-45ed-a41d-8917f29ad5b7.JPG,ZIO_STATIONO6,0.9418233633041382,False
EFD/silvereye/E7026D02-9651-4FC5-A5AA-010937EDF216.JPG,EFD_DCAMF07,0.8233515024185181,True
RMP/pukeko/44882F14-0F6E-4828-90DA-78A279284370.JPG,RMP_ICAMM79,0.7457157969474792,False
RMP/quail_brown/51AC64F6-D6A5-4D3C-A3BE-F4BF9CB9A7F6.JPG,RMP_ICAMR04,0.7175201773643494,False
PS1/weka/bf85f985-007d-47f1-b08c-a093853b0991.JPG,PS1_CAM7307,0.7517956495285034,True
EFH/morepork/76454FA8-9611-4250-A429-D6E9FF849A0B.JPG,EFH_HCAMB01,0.02276611141860485,True
EFH/greenfinch/F8551677-2365-4AD2-8519-231CFACCAF56.JPG,EFH_HCAME10,0.9558923840522766,True
EFH/tomtit/ECC6F839-C624-4739-A063-94CA558DF403.JPG,EFH_HCAMC04,0.6082972884178162,True
FGA/harrier/9BE67A0F-657B-4F79-8CB3-7DCCE8E96AEF.JPG,FGA_CAMERA1,0.6895420551300049,False
KCR/kiwi/d6a523f0-09d6-4bc5-ac5a-5e43431becf0.JPG,KCR_HOR14,0.12254390120506287,False
EFH/tomtit/D8DF9D46-F1D3-489E-B25A-EB6736684BEB.JPG,EFH_HCAMA11,0.4678625464439392,True
HLO/rosella/64AE8A9E-EE80-438C-BF7B-9B608A6859FC.JPG,HLO_HPAT004,3.1324723295256263e-06,True
PS3/kea/90a8ec0d-3939-4c31-a700-82d017c4fe4c.JPG,PS3_CAMGC43,0.3219042122364044,True
RMP/myna/38463943-65DF-4FAD-A765-511997234658.JPG,RMP_ICAMR07,0.5820900797843933,False
ACC/banded_rail/14C788E2-0719-4BC7-83EF-85D05D580977.JPG,ACC_066,0.468271404504776,False
ACC/pukeko/990C6076-C176-4FB5-998D-242B244CDC41.JPG,ACC_T68,0.977258563041687,False
RMP/oystercatcher/AA0234F7-E28C-4E4F-84C4-0AFA9975BA02.JPG,RMP_SCAMM83,3.410397653169639e-07,False
EFH/yellowhammer/E7ADF38D-DEE0-42DD-8B53-A730792B1F08.JPG,EFH_HCAMG06,0.0,True
RMP/myna/123CF6EC-73AC-4200-83CC-46EE240DE873.JPG,RMP_HCAMM93,0.10418344289064407,False
RMP/quail_brown/9EE9B728-E0D2-4116-B994-12BF4B88248A.JPG,RMP_HCAMM29,1.2076588973286562e-05,False
ACC/grey_faced_petrol/646BF185-489A-4BA9-A845-8B8D3BF17E7D.JPG,ACC_C015,0.7287152409553528,False
ACC/pheasant/3326A618-E65A-4BD1-9BC5-FF36094AD391.JPG,ACC_unknown,0.8001852631568909,True
MAW/bellbird/E73F60B5-681F-41C2-8A18-4260761E2E38.JPG,MAW_unknown,0.7255533337593079,False
PS1/rifleman/d21fdfe5-044c-4774-ac54-388d283df484.JPG,PS1_CAMFC17,0.12332749366760254,True
EFD/dunnock/43AA65D0-5FDE-4F1B-8AF6-A6F630F76D6E.JPG,EFD_DCAMH11,0.022638490423560143,True
EFH/rifleman/C8730D26-EFB3-41D2-A2CF-9F9590695F37.JPG,EFH_HCAMC08,0.138865664601326,True
Z20/tomtit/d8cf19c5-4c1f-4bf6-9e25-938202f7959d.JPG,Z20_3K4500,0.008325439877808094,False
EFH/kea/6B81AF14-288D-4FFD-9712-61ED57B9E962.JPG,EFH_HCAMA13,0.8943802714347839,True
EFD/greenfinch/75FF3F27-3FA9-4754-96D1-9B609F6FDFED.JPG,EFD_DCAMF09,0.4665329158306122,True
KCR/dunnock/ed7a31d7-d36d-4308-b3a7-12a237c88b60.JPG,KCR_FER12,0.9213846921920776,False
EFH/yellowhammer/98A2BABB-98CB-4777-A4C9-B3BAB812A62E.JPG,EFH_HCAMG06,0.0,True
HLO/dunnock/8E96C7DB-47CB-4310-A177-985C172175FE.JPG,HLO_Moto2,0.0,True
EFH/tomtit/3ED53648-6F1D-40BB-9B32-8D927477EBE9.JPG,EFH_HCAMB02,0.14069588482379913,True
EFH/tomtit/62A831B8-EFAC-4607-BCBA-C995B34845D5.JPG,EFH_HCAMB11,0.6024823784828186,True
PS3/kea/1c647e5f-372a-447e-adfe-f5823e11f40a.JPG,PS3_CAMGC43,0.6763808727264404,True
ZIO/fantail/2f2fad29-7d76-49a8-b91a-f33830e6b82b.JPG,ZIO_STATIONO6,0.8890554904937744,False
RMP/oystercatcher/DB86C2B9-493E-428E-87B3-6E1AFA75083F.JPG,RMP_SCAMM83,0.06616010516881943,False
PS1/bellbird/e236a9f5-7566-4421-895f-4b77ff84ec36.JPG,PS1_CAM8410,0.6629032492637634,True
Z20/kea/2356924a-6c50-4cc5-a788-fb33080782da.JPG,Z20_LOGDEERFAR,0.2172110676765442,True
EFD/chaffinch/DAB83153-DC16-44A7-B8CF-8F8F5B952BD2.JPG,EFD_DCAMH09,0.6544965505599976,True
EFH/rifleman/2926AC93-85ED-42C2-896D-785B0E77EA7B.JPG,EFH_HCAMA06,0.25445204973220825,True
HLO/dunnock/F73F03F5-51EF-440B-96D0-6CC160D3C77B.JPG,HLO_Moto2,0.001456936472095549,True
RMP/pateke/2DA4D6D6-472C-420C-AD2A-A2C1DD4E1DDB.JPG,RMP_ICAMM79,0.8618952035903931,False
ACC/pukeko/8D5351B6-3AE4-406D-ACD5-E8A64812E8C1.JPG,ACC_unknown,0.30646851658821106,True
Z20/kiwi/ec523416-726b-4cb7-81cb-ef903b00c3fb.JPG,Z20_3P3250,0.8376387357711792,True
KCR/kiwi/47af3009-06e6-426d-b497-995a42d22241.JPG,KCR_FER18,0.7113256454467773,False
RMP/quail_brown/7B070BFF-48AD-4CEA-8EA6-FB717CF39ADA.JPG,RMP_ICAMR05,0.1832341104745865,False
KCR/chicken/98dd5cfa-60ba-4055-934a-04760f07f3da.JPG,KCR_HOR2,0.026003876700997353,False
RMP/oystercatcher/14C52A41-7E54-44C0-9FAA-33F40E91D513.JPG,RMP_SCAMM83,0.0,False
EFH/robin/6162C9F1-1CF5-4379-8E13-B0DF111FC64F.JPG,EFH_HCAMF02,0.5982014536857605,True
EFD/fantail/AE372E9E-F493-46B2-AC54-6BE6B9427744.JPG,EFD_DCAMD07,0.10429654270410538,True
ACC/tieke/B8DF2784-4A95-440C-90E3-296BC434BC90.JPG,ACC_T028,0.30297619104385376,False
EFD/kea/08BDF501-3F81-46C8-AA3B-2A95AFE99D67.JPG,EFD_DCAMB07,0.12100350856781006,True
DWT/morepork/DADF5536-BF5F-4AF7-A8A0-77230EC3094E.JPG,DWT_BCAMOFP17_2022_1,0.7048186659812927,False
ACC/fantail/49926E8F-73CB-4E74-97E2-19A2218E9BA6.JPG,ACC_57,1.9251870071457233e-06,False
EFD/rifleman/BBD5E0B8-DC23-4FAD-AE52-670F4138DCE3.JPG,EFD_DCAMB02,0.35526731610298157,True
RMP/spurwing_plover/292EB44E-D1D0-48E7-B12C-ACC0DC7FC8C6.JPG,RMP_SCAMM85,0.6788413524627686,False
EFH/yellowhammer/49D231FE-BC88-496B-B14C-55A9EBCB1992.JPG,EFH_HCAMG06,0.0005374517058953643,True
Z20/kiwi/4f8420e4-ab40-4f61-a8fc-9111a686fcab.JPG,Z20_3BB750,0.9162775874137878,True
RMP/pateke/62EB0545-6D79-49E4-A0FE-CE9780349195.JPG,RMP_ICAMM79,0.7596967816352844,False
Z20/morepork/b58f81b8-83bb-4e19-af6f-d2e84975c967.JPG,Z20_IU191,0.0029121546540409327,False
EFH/morepork/CC02C23F-5A64-4DB3-8E42-9F68F3F02EEE.JPG,EFH_HCAMG01,0.6269835829734802,True
RMP/black_backed_gull/207A95E4-52D1-44A6-B089-03024ABDC1D8.JPG,RMP_SCAMM83,0.29595091938972473,False
FGA/harrier/0B29425B-6CD7-408B-9C43-C52FF3AB6A64.JPG,FGA_CAMERA1,0.5212328433990479,False
KCR/kiwi/95707690-7ff2-48d3-b72b-064f095091b6.JPG,KCR_HOR8,0.010305584408342838,False
MAW/yellow_eyed_penguin/0879B353-1A21-4106-8FD1-AF01E790B886.JPG,MAW_C4,0.8368120193481445,True
EFH/kea/1CF0C94D-90AF-43F7-BF83-D0876D1C54C0.JPG,EFH_HCAMB01,0.9034414887428284,True
FGA/silvereye/50DB1B8D-F053-4ECB-9498-688FC2071D5D.JPG,FGA_DOUTFUL,0.004695041570812464,False
RMP/oystercatcher/C1A4F1A8-5B18-4A0E-8162-687C6242230E.JPG,RMP_SCAMM82,0.040939487516880035,False
KCR/chicken/59f4e789-b451-4168-a110-5a589f859437.JPG,KCR_HOR2,0.020845727995038033,False
ACC/kiwi/73832070-BD7C-4604-9369-6E1B4D348ADF.JPG,ACC_unknown,0.6383849382400513,True
ACC/pukeko/D75B6A46-B16A-4E50-BA97-70A40BC2FE53.JPG,ACC_TCAM022,0.41400688886642456,False
EFH/morepork/CFB9D1BB-44E3-4862-850A-0AA026EBC3C8.JPG,EFH_HCAMF04,0.2444671392440796,True
KCR/fantail/8abe7931-9683-4e6c-8556-a63c34dece34.JPG,KCR_PAT03,0.0,False
RMP/myna/096F8020-0468-443C-A834-A0A860B9A887.JPG,RMP_ICAMM78,0.3651313781738281,False
RMP/oystercatcher/F838AA42-B1AA-4FD0-AF7D-33FBDD5803EB.JPG,RMP_SCAMM83,0.003485713619738817,False
PS1/kea/350f0997-a72e-45b4-a43a-d61d42b55885.JPG,PS1_CAM7302,0.0,True
ZIO/fantail/e07ce870-500c-4140-b932-c201ddd077a6.JPG,ZIO_STATIONO6,0.9717153310775757,False
EFH/fantail/BD547CD5-74D7-4EB6-876D-DC08E75DE314.JPG,EFH_HCAMD08,0.601521372795105,True
RMP/spurwing_plover/EB93A8AB-02F6-4242-A9F4-67A9438A8810.JPG,RMP_SCAMM83,0.04768482223153114,False
EFD/rifleman/5A4B295C-F5DA-44C1-B6E0-1EB0C94D3FCC.JPG,EFD_DCAMC04,0.10045228898525238,True
EFH/robin/41155EE0-1B6C-4191-B188-F5349B611EA5.JPG,EFH_HCAME05,0.30513522028923035,True
EFD/kea/E6C99FC0-72F8-4C27-8CB2-67E17C9C9ED7.JPG,EFD_DCAMB07,0.9840528964996338,True
ACC/kiwi/D28CED88-308D-471E-B26C-74131EA3860F.JPG,ACC_unknown,0.42096424102783203,True
FGA/dunnock/8DDF51E6-FEA7-4586-B6E8-6DE08FFF8524.JPG,FGA_U,3.460804509813897e-05,False
PS1/kiwi/33a66786-767f-4e32-8918-32f3ebcca1c9.JPG,PS1_CAM7905,0.6510742902755737,True
Z20/fantail/ccdc968e-5b7a-4893-97a7-d627c3b626e7.JPG,Z20_3Q1450,0.0005393163883127272,False
EFH/robin/EFF09C33-13F3-4CB7-B65F-B283E8479F46.JPG,EFH_HCAMC07,0.8107923865318298,True
RMP/pateke/6A6C5383-F1A8-47FF-80FD-FCB2461DA11B.JPG,RMP_SCAMM35,0.02957378886640072,False
KCR/dunnock/b7c53f68-c63c-4028-bbc5-bb4b648996ef.JPG,KCR_MAM3,0.0,False
EFH/kea/1C8E730D-2111-45B9-BEC7-0836C6F42B56.JPG,EFH_HCAMD01,0.992904782295227,True
ZIO/fantail/284167c6-582d-42c7-8d1b-f011f28a3f20.JPG,ZIO_STATIONO6,0.9530518651008606,False
EFH/rifleman/117B8EDF-2A21-4023-9D5B-8BF1AC43D67A.JPG,EFH_HCAMB04,0.3497602939605713,True
Z20/fantail/92202563-89ca-4865-bc5e-53a34b5f8f09.JPG,Z20_3X1700,0.3602120578289032,False
EFH/robin/BBDF5F47-586C-4617-A904-26450E858C3B.JPG,EFH_HCAME05,0.15870358049869537,True
EFD/rifleman/BFFAA522-EC33-4BB1-907C-213C81419149.JPG,EFD_DCAMC10,0.0768251046538353,True
PS1/kiwi/c79e03bc-db7e-4467-895c-8d67c141a9b5.JPG,PS1_CAM6910,0.6296872496604919,True
EFH/dunnock/C9201791-60A0-43B8-A67B-EFD62427A173.JPG,EFH_HCAMC09,0.0068388814106583595,True
EFH/rifleman/8C18BD2B-69A9-49A9-8564-243508DA0FE8.JPG,EFH_HCAMC08,0.13984404504299164,True
RMP/myna/D9F3B096-5F66-4E0B-ACFF-E0A3B47898FE.JPG,RMP_ICAMM78,0.26477301120758057,False
KCR/dunnock/2d6d86ea-4ddd-4db3-92f2-3dd0e01237cb.JPG,KCR_PAT07,0.0,False
EFH/morepork/E7E6F4CA-F361-4742-ABBE-AD6D9BBD0B28.JPG,EFH_HCAMF08,0.5134530663490295,True
RMP/thrush/4E6C50C3-173C-4E0F-AA53-BD15E141F7C6.JPG,RMP_HCAMM21,0.5619403123855591,False
EFH/robin/9A730B31-4B3B-4508-B53F-6A3A441E0324.JPG,EFH_HCAME05,0.18726247549057007,True
HLO/dunnock/2E83133B-169E-4051-A56B-A1C1043D7060.JPG,HLO_Moto2,0.01308826357126236,True
Z20/kea/91720861-5ca9-4ef7-8ec2-1993d8a07130.JPG,Z20_3SS650,0.7339892387390137,False
EFD/harrier/5C09CF5A-7D46-4498-A1B0-8478AE39F3CD.JPG,EFD_DCAMF09,0.9789944291114807,True
KCR/kiwi/9003f946-7cb7-4b05-b2f2-ccbd51cee8df.JPG,KCR_MIL21,0.9103236198425293,False
ACC/pateke/6E85C9BB-6310-4FA2-97C9-18763FF86DFC.JPG,ACC_57,0.17028848826885223,False
EFH/pipit/C237FD2B-A152-42AE-A18F-EDF01F60007E.JPG,EFH_HCAMG06,0.0,True
Z20/fantail/f0f43f26-97e1-48e2-82fb-1f2c796dd2ed.JPG,Z20_IQ195,0.4499482214450836,True
EFD/dunnock/7AAA456C-FAE9-4279-A02D-B27922BA9604.JPG,EFD_DCAME09,0.543718695640564,True
EFH/chaffinch/E8757B66-B0A1-4D3C-8D95-183CC0344C3A.JPG,EFH_HCAMF02,0.30645012855529785,True
EFH/kea/E5415476-67B1-4EA5-93BC-7F01F0B7CDF0.JPG,EFH_HCAMB01,0.9231122136116028,True
FGA/harrier/E076B6F4-23D5-4DCD-8DBD-088EE1446AE5.JPG,FGA_CAMERA1,0.577472448348999,False
RMP/quail_brown/9F6470A1-FD7F-45F4-97BF-AC9995095E7E.JPG,RMP_HCAMM27,0.32948338985443115,False
KCR/dunnock/b8fb5aca-5072-4503-978f-ec399a71ed81.JPG,KCR_MIL7,0.09431324154138565,False
EFH/dunnock/99E2F62A-2354-42CF-A040-96637550BB3E.JPG,EFH_HCAMH04,0.007592281326651573,True
EFH/kiwi/F5A40C51-471C-4741-B5B0-3944102F1F86.JPG,EFH_HCAMC01,0.9994692206382751,True
EFH/rifleman/031C6383-6DA8-41B7-80D2-B9FD813FEC36.JPG,EFH_HCAMD03,0.21095161139965057,True
EFH/tomtit/D67B1C43-E180-4D14-848E-D281618F756C.JPG,EFH_HCAMD04,0.0,True
RMP/oystercatcher/2DB053AD-629D-4DA1-9079-FA8726AFE52E.JPG,RMP_SCAMM83,0.156474307179451,False
EFH/robin/23C1BF25-7D7F-4317-B424-36B2359D37AE.JPG,EFH_HCAME05,0.06265630573034286,True
EFD/rifleman/3F2F2319-A29E-48E6-99CE-46285EE20196.JPG,EFD_DCAMC04,0.014905308373272419,True
RMP/pateke/D419FB4B-6D94-477A-906C-39F2332DDF76.JPG,RMP_ICAMM75,0.9487202167510986,False
RMP/spurwing_plover/E831F0AB-12C7-4B8B-A2DD-86489E1ACF77.JPG,RMP_SCAMM85,0.019701974466443062,False
EFD/blackbird/31B1BCB7-E55F-4FED-8655-1EB37599F643.JPG,EFD_DCAMH06,0.9326430559158325,True
EFH/kea/B3117674-9B4E-4D70-A0F0-AAB3DAA8C906.JPG,EFH_HCAMC01,0.7872405052185059,True
EFH/dunnock/0BB1B803-C046-4F77-BBC7-E01657DBE02A.JPG,EFH_HCAMH04,0.00016369126387871802,True
EFH/yellowhammer/03BFB7C6-B2D8-4587-9916-FA1CCF1A0092.JPG,EFH_HCAMG06,0.0,True
Z20/tomtit/9a985bb5-2435-44a5-8f74-eea69b14158d.JPG,Z20_3ZZ2550,0.39029988646507263,False
EFH/starling/B0ACA0BA-FFE7-4DEC-8159-9D514BB2A981.JPG,EFH_HCAMG01,0.6062405705451965,True
ACC/pukeko/F8DE7553-8059-4FA4-8F07-81461AEDA56B.JPG,ACC_57,0.6320579051971436,False
Z20/kiwi/8b045a2b-ccd0-4a56-99fb-36699aa2ce0a.JPG,Z20_3LA3150,0.6662108302116394,False
HLO/dunnock/21AE78FC-9F04-4D0A-983D-07B61B3478E3.JPG,HLO_Moto3,0.0,True
ZIO/fantail/5c8e64c9-4d50-4ad4-b3cb-a0513eb7d75d.JPG,ZIO_STATION13,0.011716573499143124,True
RMP/myna/D0CEB3A9-0E61-4FBE-B945-A12D03213C6C.JPG,RMP_HCAMM93,0.1948898732662201,False
HLO/dunnock/F1C182C2-8F94-45D5-B010-ACF2E66DC950.JPG,HLO_Moto2,0.012289440259337425,True
RMP/myna/C759196F-7F08-4ADB-BCB1-F767F4DD5483.JPG,RMP_HCAMM93,0.02567223273217678,False
EFH/greenfinch/3D6CE071-E3F8-40BC-AD4E-28A36F6C9357.JPG,EFH_HCAMH06,0.5141833424568176,True
Z20/kiwi/6dcdf11f-801e-4621-b407-15b80f5bfd08.JPG,Z20_3LA1200,0.6745609045028687,False
ZIO/fantail/13b12c0b-67d5-4828-87b1-f88c1bb548fd.JPG,ZIO_STATIONO6,0.9647266864776611,False
EFH/tomtit/B164E675-5767-4BCB-9733-72153B9201C3.JPG,EFH_HCAMC04,0.5595450401306152,True
RMP/myna/2ED037AE-758C-4196-84C6-AD4A8209F329.JPG,RMP_ICAMM78,0.5435255169868469,False
RMP/pateke/16CF5E4E-EC05-404C-8346-4AB5EC6F86D7.JPG,RMP_ICAMM79,0.6128026843070984,False
AHO/kea/e9315e0f-57bc-4d66-8305-724033bc2060.JPG,AHO_T2.3.1,0.8236356377601624,False
ACC/pateke/4CEAA3DD-8F21-4933-A0C8-B04FCD7D5E1E.JPG,ACC_57,0.007850210182368755,False
KCR/silvereye/2e0052c6-2d67-414a-a176-7b21c1b6f816.JPG,KCR_GOLF02,0.0,False
Z20/kiwi/029ed355-d21b-4d7f-8c30-0c45fcc926c9.JPG,Z20_IS191,0.8494147658348083,True
EFH/dunnock/A8514640-D161-493D-A1D1-30E4D00F4DA2.JPG,EFH_HCAMG12,0.41515856981277466,True
AHO/rifleman/9d62af75-bacf-4101-a62d-f42c7893d082.JPG,AHO_T4.2.5,0.3415760099887848,True
ZIO/fantail/7487cf36-1fda-423d-a8e1-4887fee8ee69.JPG,ZIO_STATIONO6,0.9951322078704834,False
Z20/kea/20942afb-7a21-4e79-9ae2-4a7a6d1e25de.JPG,Z20_3OMAA100,0.9706908464431763,False
Z20/fantail/89851553-97bb-4e7d-a5a4-953ea378d903.JPG,Z20_F7,0.6640431880950928,True
EFH/rifleman/E2B09534-1D98-49FE-891E-75BEAF4DBD0B.JPG,EFH_HCAMC02,0.05181485041975975,True
Z20/fantail/7f77460c-c9df-4340-8faa-448d39b3ec02.JPG,Z20_IK187,0.3076169192790985,False
RMP/oystercatcher/69129133-7463-460A-ABF9-3BEF15352FD4.JPG,RMP_SCAMM83,8.531342245987616e-06,False
EFH/tomtit/49455226-2D86-467F-9468-44A0F0555874.JPG,EFH_HCAMF08,0.013892009854316711,True
RMP/myna/DD7CF9D5-661C-4728-A4A4-6DD00845F8A3.JPG,RMP_HCAMM93,0.269662469625473,False
RMP/pukeko/52484D8C-5288-437F-90A0-4A1E82809E0B.JPG,RMP_HCAMM20,0.6980990767478943,False
ACC/pukeko/197B4AE8-B140-4778-BAC5-05342F06449C.JPG,ACC_57,0.5004075169563293,False
KCR/dunnock/d3089d74-ae99-485a-b9be-533f01e71e4e.JPG,KCR_GOLF02,0.0,False
PS1/weka/428bee7f-ded1-458e-b6b0-6ec1b245bbed.JPG,PS1_CAM7307,0.8676839470863342,True
EFH/greenfinch/BCE7047C-A3CB-4A48-8BF4-A20AA36EE39E.JPG,EFH_HCAMG05,1.1394623470550869e-05,True
ACC/pateke/6F788CC9-6393-4330-9642-612D6E73656D.JPG,ACC_57,0.011315102688968182,False
Z20/fantail/cb0067ed-a516-49ea-bc4b-f418c096ea07.JPG,Z20_3TM350,0.1341026872396469,False
EFH/chaffinch/0BAC640D-9E9A-4E8B-8709-F4A179FA0090.JPG,EFH_HCAMG01,0.11355188488960266,True
Z20/kiwi/4662cac4-f980-4726-850a-2d6c7983e5c7.JPG,Z20_3LA3150,0.6005100607872009,False
EFD/dunnock/D6BD5434-1B12-4E04-8B41-50302AE9EE7B.JPG,EFD_DCAME03,0.0,True
PS1/weka/5156870a-7cb3-4625-a0b7-a64ecefad2ca.JPG,PS1_CAM6713,0.8859543204307556,True
Z20/morepork/1a4b14a5-df4a-4cde-818b-f91808b931f9.JPG,Z20_IU191,0.002403771271929145,False
KCR/kiwi/3f5cc1f5-8084-4e46-9097-46f947d1325b.JPG,KCR_HOR16,0.6691328883171082,False
EFH/redpoll/FCE37CAA-A06A-4327-94E4-46D07F51BADE.JPG,EFH_HCAMD06,0.0,True
EFD/rifleman/04DEB145-208F-4A9C-A941-CDB73701E5F6.JPG,EFD_DCAMC04,0.31776368618011475,True
EFH/bellbird/43E20B39-6B81-433D-85BB-0333A14FA360.JPG,EFH_HCAMC09,0.49972012639045715,True
RMP/quail_brown/D21B401F-72F7-49CB-81F7-093DBB5C4498.JPG,RMP_ICAMR05,0.2795046865940094,False
RMP/spurwing_plover/568D0D0A-73F7-4F21-9C18-1E1DBD5AD6E4.JPG,RMP_SCAMM83,0.07909701019525528,False
ACC/kiwi/C7A698DB-F5E8-4AC3-880E-CA87AEF8AA1E.JPG,ACC_unknown,0.10705003142356873,True
EFH/blackbird/44236C0B-25A8-4521-8026-2010174F232B.JPG,EFH_HCAMG12,0.9570902585983276,True
KCR/fantail/8b46fb17-dd7c-4f80-8158-0315413cee55.JPG,KCR_MIL28,0.5419687032699585,False
EFD/yellowhammer/44184CED-88F9-4658-A3F3-1864CD6600F7.JPG,EFD_DCAMF06,0.1714099943637848,True
KCR/kiwi/73fc6521-2b48-4642-9027-a1d75a83d29e.JPG,KCR_HOR16,0.5874033570289612,False
EFH/robin/0CCA4004-595A-4707-A549-F4E21E153216.JPG,EFH_HCAMD04,0.17792169749736786,True
DW2/kereru/30467AC7-93D3-41F8-BA7D-F7CED99F24C0.JPG,DW2_BCAMWT002_2023_1,0.49979525804519653,True
RMP/paradise_duck/50C62B8C-75AC-4BB0-AFEF-CBF1460567A4.JPG,RMP_HCAMM93,0.3669630289077759,False
ACC/pateke/67A3645C-AF85-4232-A14E-B5BED0DE3283.JPG,ACC_59,0.04511788859963417,False
Z20/kiwi/912d2007-4512-4533-9fad-cc1b65e01809.JPG,Z20_3M3450,0.7474896907806396,False
AHO/tomtit/1032110e-73a6-422a-b0ef-dde62a380452.JPG,AHO_H3.2.1,0.0016252899076789618,True
PS3/fantail/6d52e9db-60f3-4ec6-81fc-5847eea48927.JPG,PS3_CAM8206,0.008810404688119888,True
ACC/pateke/77AD447D-8C84-44A3-90B6-003384C98302.JPG,ACC_T009,0.4141800105571747,False
EFH/kiwi/06EB461F-A933-40BF-A2F5-A6CC64AD6370.JPG,EFH_HCAMC08,0.9405982494354248,True
DW2/kereru/C5F21B8E-ECC0-438B-97BC-54D5D47BED1E.JPG,DW2_BCAMWT002_2023_1,0.9875991344451904,True
EFD/fantail/4DF4FD6E-9907-4460-8461-8BF440B3C2FC.JPG,EFD_DCAME09,0.5135854482650757,True
Z20/kea/8808bfe5-5878-4f21-8a63-c964c207f6b5.JPG,Z20_3II2550,0.7461439371109009,False
EFH/rifleman/D9314E82-5565-4248-8A8F-76CB23C54C90.JPG,EFH_HCAMD01,0.030739720910787582,True
ZIO/fantail/9e318dcf-4834-4f16-a28b-73bb5331a210.JPG,ZIO_STATION13,0.0,True
EFH/starling/852304DB-DC47-4C02-B043-89BD7F2A3112.JPG,EFH_HCAMG09,0.22054702043533325,True
EFH/rifleman/BE484A64-CF58-4112-A610-440CB2716036.JPG,EFH_HCAMA10,0.13650673627853394,True
RMP/pukeko/D7A2717D-0752-4343-B40E-D03F2794F788.JPG,RMP_HCAMM93,0.1683313399553299,False
RMP/myna/1DF59F68-7836-43DD-90C8-B94533F3571E.JPG,RMP_HCAMM93,0.10718726366758347,False
EFD/dunnock/639F185E-B158-4CAB-BBFC-E8DF62A28FEB.JPG,EFD_DCAME03,0.0,True
EFD/rifleman/18F503EB-B8D1-4817-8360-A2247D576573.JPG,EFD_DCAME03,0.04946935921907425,True
RMP/myna/8D1AE9E0-CF03-49AA-9D97-E2F4F1DF3E3F.JPG,RMP_HCAMM94,0.674213171005249,False
EFD/thrush/4684F2DE-8CC4-4ADB-A21E-57572A200234.JPG,EFD_DCAMH11,0.585477888584137,True
Z20/weka/0e36710c-a882-4711-9807-a35a6daa8478.JPG,Z20_PETL390100,0.5645104646682739,False
Z20/fantail/55cd869a-aa8c-4d44-8704-010610ad9bba.JPG,Z20_3TM350,0.00117531418800354,False
EFH/rifleman/197A98F3-0084-4D08-A720-A28AE014101B.JPG,EFH_HCAMD03,0.3071451187133789,True
EFD/rifleman/C38C0285-0766-4742-9037-4900480DE8D3.JPG,EFD_DCAMD07,0.16364091634750366,True
HLO/silvereye/799CDE22-FCDF-4FF8-A5D1-069AEB7A2D55.JPG,HLO_Moto3,0.0046202451921999454,True
EFD/robin/4D68946B-5F86-48FF-95AA-615246A72B3B.JPG,EFD_DCAME02,0.553761899471283,True
EFH/rifleman/902A3CC8-C3D5-4283-ABA3-028BB93DC624.JPG,EFH_HCAMC08,0.1580997258424759,True
ACC/pukeko/0A660E8D-4112-422B-BDA0-81B21773CABA.JPG,ACC_57,0.18634189665317535,False
PS1/fantail/f23514e1-d94d-4462-b4cf-67736e5cca5b.JPG,PS1_CAM7609,0.20681600272655487,False
EFD/rifleman/741550B9-35FD-472A-AD6D-50CE3859E061.JPG,EFD_DCAMC04,0.2860353887081146,True
EFD/dunnock/256FC7ED-240E-48F5-B20C-413A511D582E.JPG,EFD_DCAME03,0.11193423718214035,True
ACC/tieke/EC496CD5-2E27-4E79-8A2F-D11E31024827.JPG,ACC_T065,0.005791203118860722,False
DWT/weka/0BCD9201-E815-423A-969F-FB6239F686D9.JPG,DWT_BCAM668_2022_1,0.015636444091796875,True
DW2/kereru/4F9777F5-9849-4D90-B7BB-8F8FA2A0FC12.JPG,DW2_BCAMWT002_2023_1,0.8613522052764893,True
RMP/myna/6DC8FF06-A6FE-485B-91CA-E35FC0361E01.JPG,RMP_ICAMM78,0.3843417167663574,False
EFD/rifleman/864B24A2-9932-43F6-A68F-85BED2266060.JPG,EFD_DCAMC04,0.17610327899456024,True
EFH/fantail/6A9D509F-CE32-4D98-91BD-A09584CBE624.JPG,EFH_HCAME09,0.27694886922836304,True
ACC/banded_rail/7FA9A66F-BE9F-4F30-B6BA-E6D57DD903DE.JPG,ACC_57,0.10340378433465958,False
EFD/rifleman/16B17D94-053C-4C77-BED7-B896DFB5C869.JPG,EFD_DCAMC08,0.032411374151706696,True
EFD/fantail/AA302A23-7D8F-4CFB-8626-54633D9503EE.JPG,EFD_DCAME03,0.47119802236557007,True
EFH/rifleman/88291CD0-CEBC-4981-9A56-8ADB64033D05.JPG,EFH_HCAMB08,0.007289172615855932,True
AHO/kea/36da3afd-40e9-4a9e-9016-3d2d47f824fc.JPG,AHO_T2.3.1,0.16381560266017914,False
RMP/pukeko/23CADAE6-9D6C-442F-8FD0-3DE2CDFB1655.JPG,RMP_HCAMM94,0.5936256647109985,False
Z20/morepork/923e87a4-1e8b-40c7-9d5e-ccad30f7058e.JPG,Z20_3EE5450,0.6529728770256042,False
EFH/rifleman/C7B748E1-5AD4-41E5-8F83-30409085549B.JPG,EFH_HCAMD05,0.2142956256866455,True
KCR/dunnock/ad3be663-e913-4507-b60e-419f5e846a3f.JPG,KCR_MAM15,0.0,False
EFD/rifleman/0228504B-FDC4-4660-A7AC-FD6D431F9150.JPG,EFD_DCAME03,0.13150760531425476,True
ACC/pateke/CC329551-0542-4B12-B53B-8D11447A2452.JPG,ACC_57,0.0,False
KCR/fantail/ce2eca52-260d-4b9a-ae70-43268bdc63e7.JPG,KCR_MIL28,0.500777006149292,False
EFH/greenfinch/ABB8C0DA-C3CF-47E3-9AF3-A0663185B4BD.JPG,EFH_HCAMF02,0.5302090644836426,True
DWT/kereru/9197E0C5-3D37-4EA1-BDA0-5B40418A5109.JPG,DWT_BCAMOFP17_2022_1,0.9745155572891235,False
EFD/rifleman/A2FF6EAE-A350-4F74-BE76-F86224245AC2.JPG,EFD_DCAME03,0.09543991088867188,True
EFD/morepork/1A512BB3-D754-4227-B361-7DC7B788C45C.JPG,EFD_DCAME08,0.09675459563732147,True
HLO/dunnock/4D5F0940-DD4A-47C5-B06F-2445E7E00094.JPG,HLO_Moto2,0.0,True
Z20/kea/f6e8b0b2-fa0d-48ad-ac92-779bb824c126.JPG,Z20_3L400,0.6538553833961487,False
RMP/quail_brown/A1FBB32E-54FC-4673-BE25-0DD5E4373FB0.JPG,RMP_HCAMM27,0.00010660230327630416,False
EFH/tomtit/275E5DB4-0444-4F2F-9B65-DB9150262F72.JPG,EFH_HCAMJ04,0.43763449788093567,True
EFD/rifleman/86C58344-35A4-4AF3-B5B0-5B1F73FC99B7.JPG,EFD_DCAMC07,0.13568586111068726,True
EFD/rifleman/27C57B98-2BE7-4479-B256-3B9A609E34C2.JPG,EFD_DCAMC09,0.5578435659408569,True
DW2/kereru/9F8561F9-5B01-4FE3-8AFF-D80480384D78.JPG,DW2_BCAMWT002_2023_1,0.7658534646034241,True
EFH/greenfinch/AD96987D-5D2C-445D-B77B-2A78EF67B2AF.JPG,EFH_HCAMG01,0.005867599975317717,True
EFH/goldfinch/F508D56E-D68E-4405-BF76-6C6E1C60AFCA.JPG,EFH_HCAMB11,0.06714397668838501,True
Z20/tomtit/e617304a-b995-40fe-9c10-5f21477a1671.JPG,Z20_JY249,0.04559551551938057,False
EFH/chaffinch/5C273ACA-2693-4CFC-8F1C-8106552CE6D1.JPG,EFH_HCAME01,0.2968452274799347,True
EFH/robin/7C09706B-6A92-4BD3-A684-AD8706967A03.JPG,EFH_HCAME05,0.06893209367990494,True
DWT/kereru/EF905CBA-FA10-46D2-AC4E-0C0129CD0F90.JPG,DWT_BCAMOFP17_2022_1,0.5878156423568726,False
EFH/kea/B266BC08-4ED4-4203-AAF3-0224927E20EA.JPG,EFH_HCAMB01,0.6195074319839478,True
EFD/chaffinch/5B9DF379-F8B2-476D-BD23-8973B3736BFB.JPG,EFD_DCAMA04,0.009125471115112305,True
HLO/rosella/1AA2A435-5A54-435B-951F-EDE13BB982CF.JPG,HLO_Moto2,0.06333913654088974,True
RMP/spurwing_plover/060D8A7F-50DA-4BF1-8720-F90AED02261B.JPG,RMP_HCAMM93,0.9012439846992493,False
RMP/little_blue_penguin/A7753E43-2B02-4C79-87FD-21E17637FD48.JPG,RMP_SCAMM33,0.7986695766448975,False
AHO/rifleman/b5befca4-a416-4506-a61a-9d5256b3d4ad.JPG,AHO_H3.2.1,0.0,True
EFH/rifleman/9FBA414D-3D7F-4755-AB78-2050FE27CF01.JPG,EFH_HCAMD03,0.2069515585899353,True
Z20/morepork/523c85cc-501b-4ba8-8b8f-cc3928e404b8.JPG,Z20_IU191,1.7516131265438162e-05,False
EFH/pipit/2A883B2D-B851-4DD6-AA89-7D548BDA768A.JPG,EFH_HCAMA13,0.3611070513725281,True
Z20/kiwi/4b00892e-749b-43d2-950a-6570eefa9cd7.JPG,Z20_3O1900,1.0,False
PS1/kea/bc436d34-5125-4a78-b61c-beccf1834d3e.JPG,PS1_CAM7709,0.4623940587043762,True
EFH/chaffinch/DC5385C5-4ABC-4CF7-8099-0026C0C080C3.JPG,EFH_HCAMB11,0.39096683263778687,True
RMP/myna/6A4D12DD-2796-44CD-8AE2-28CA16AE5FD3.JPG,RMP_ICAMM79,0.31042617559432983,False
RMP/myna/5737593E-22FE-49C7-9CA7-942120EC0137.JPG,RMP_HCAMM93,0.27322089672088623,False
HLO/dunnock/CB028369-E404-4D11-9AF7-D9EE2318ACC1.JPG,HLO_Moto2,0.061106983572244644,True
EFD/robin/D2931318-B337-41A3-B895-4B37F3F96E0F.JPG,EFD_DCAME03,0.4471176564693451,True
HLO/dunnock/295781CC-6D2C-44F8-8CBE-7EA9C367A9AD.JPG,HLO_Moto2,0.0002684163919184357,True
EFH/robin/4D02E652-1FC6-4CD2-B8AC-37649CF74395.JPG,EFH_HCAMD04,0.9284144639968872,True
Z20/kiwi/f7438f7b-d8f0-48f1-be8a-184f5b4d978a.JPG,Z20_3X1050,0.7428703904151917,False
EFH/rifleman/9B482BAA-8458-494F-9AAE-E9C560752998.JPG,EFH_HCAMD05,0.27855995297431946,True
KCR/fantail/a17e3d99-b1bd-4b1f-aa51-0e47b7c41b91.JPG,KCR_FER03,0.03884557634592056,False
Z20/silvereye/68442167-ef38-4a11-bba0-01e06ec8d87d.JPG,Z20_KG282,0.458565354347229,False
RMP/pukeko/27B22273-4079-4244-8138-069D5E2E9E8F.JPG,RMP_HCAMM93,0.21974927186965942,False
RMP/myna/EF49AEC5-8F96-442F-8F91-D34671318A41.JPG,RMP_HCAMM93,0.00022729016200173646,False
RMP/myna/91D4416A-D887-4F3E-8B7F-7575EF9304E2.JPG,RMP_HCAMM93,0.2621578276157379,False
EFH/pipit/395DA15A-44EB-4B7B-9F34-77EBECEAE4DF.JPG,EFH_HCAMA13,0.022367851808667183,True
