image_id,site_id,pointing_game_score
ENA/chicken/3e946cb6-2c29-43d3-9dab-c0d6bef63a9f.JPG,ENA_NRC254,0.3446545898914337
ENA/chicken/622c55e9-e131-4644-8434-e51c3c8628cc.JPG,ENA_NRC254,0.1364579200744629
ENA/chicken/fa287c9b-44d0-4c53-8b10-15daa3af71cc.JPG,ENA_NRC254,0.3012721538543701
ENA/chicken/bb8b5dfd-c05d-497e-9277-c3f4683352b4.JPG,ENA_NRC254,0.23582153022289276
ENA/chicken/128bc735-2c12-4bf7-8523-f66c67f3b83c.JPG,ENA_NRC254,0.2532607316970825
ENA/chicken/ed416f82-463b-4a1b-82e4-e00d61848445.JPG,ENA_NRC254,0.24846197664737701
ENA/chicken/05940d49-cea2-4c9c-a134-d38f2e91aed8.JPG,ENA_NRC254,0.3446545898914337
ENA/chicken/7c46f398-eac5-4af2-a7b6-8ee9bac9b276.JPG,ENA_NRC254,0.13801470398902893
ENA/chicken/c4e6e6be-3e54-47bf-b74d-2dbd3e9b33e8.JPG,ENA_NRC254,0.3446545898914337
ENA/chicken/91d7a081-5bea-4128-b3c0-a21426aa3c13.JPG,ENA_NRC254,0.1364579200744629
ENA/chicken/99fd5372-3cc3-4aad-94a6-4c066e67e7e4.JPG,ENA_NRC254,0.13801470398902893
ENA/chicken/6cc4e62e-a86c-4ae8-afec-b537d35d7d6f.JPG,ENA_NRC254,0.0014033986954018474
LCA/weka/4d637e93-95c7-4935-b5b5-924e0dea3065.JPG,LCA_CAM11,0.4387691617012024
TR1/takahe/1a425f5b-27e3-4066-b3aa-063e4c82065a.JPG,TR1_unknown,0.6797643303871155
ENA/chicken/a38d2e70-9c42-420c-9198-0dbf9fa1730b.JPG,ENA_NRC254,0.0014033986954018474
ENA/chicken/d64df910-2cf4-4f67-8f28-4791d658af89.JPG,ENA_NRC254,0.042349979281425476
ENA/chicken/8a274340-9af9-4bce-a320-221fce7b20bf.JPG,ENA_NRC254,0.20792733132839203
ENA/chicken/97c7b838-1aa7-4d35-b843-2970bc2b6a9a.JPG,ENA_NRC254,0.042349979281425476
ENA/chicken/bcfd8e60-505d-47f9-8ca9-9492e0ce3827.JPG,ENA_NRC254,0.09144069999456406
LR2/spurwing_plover/ad245b15-ea41-4d82-8d57-6aae0b30be0c.JPG,LR2_EC136,0.9043039083480835
ENA/chicken/0616e3ca-a371-4fca-a63b-b9423ed1ec50.JPG,ENA_NRC254,0.2349078208208084
ENA/chicken/04781d7a-1239-4b91-87a3-35936691df47.JPG,ENA_NRC254,0.2349078208208084
ENA/chicken/52e1a74a-a4d8-4722-8a8a-2b815e926e24.JPG,ENA_NRC254,0.21584729850292206
ENA/chicken/bed97bb8-66e3-414d-bdd7-9f1dd2502eeb.JPG,ENA_NRC254,0.24112948775291443
ENA/chicken/a808cd02-294f-493c-9fe2-cda414956fca.JPG,ENA_NRC254,0.21521714329719543
TR1/takahe/af2b398f-62f4-480a-a6e0-8c718437cf02.JPG,TR1_unknown,0.6038731336593628
ENA/chicken/8eecb3cf-0f0b-4450-b69f-7dd1b0b6bd47.JPG,ENA_NRC254,0.21521714329719543
ENA/chicken/dfdcbf23-c892-471f-8e0b-cce3396752cc.JPG,ENA_NRC254,0.2189956158399582
ENA/chicken/c3facea0-a904-463b-81b7-8e83f4bebda1.JPG,ENA_NRC254,0.00598946725949645
ENA/chicken/9a7ef33a-e016-4c9b-a3af-801cddd731bb.JPG,ENA_NRC254,0.15570557117462158
TR1/takahe/4a0612ea-65d8-49df-8cc7-cf7a841eec62.JPG,TR1_unknown,0.5193066596984863
ENA/chicken/6abca575-f3d6-47e5-bbd2-c51c2116e3c4.JPG,ENA_NRC254,0.09722413867712021
ENA/chicken/8cdb6e1d-126d-4f43-a015-baff9e138069.JPG,ENA_NRC254,0.09722413867712021
ENA/chicken/0c78eae0-7615-4e30-83c7-7867c550c86c.JPG,ENA_NRC254,0.09722413867712021
ENA/chicken/50e87d86-7c3a-4255-9328-2a6bbf79c89a.JPG,ENA_NRC254,0.19945669174194336
ENA/chicken/15ac9bc5-c085-40e4-81af-58e65b92a8f3.JPG,ENA_NRC254,0.19945669174194336
ACC/pateke/9A27B112-036E-4CA0-9A54-12844D49D7E6.JPG,ACC_T065,0.0009969857055693865
ENA/chicken/d35eea4a-8dd1-428c-91dd-19ade241e717.JPG,ENA_NRC254,0.10462892055511475
ENA/chicken/7e8378f3-e16a-484a-9e83-41c535cf734f.JPG,ENA_NRC254,0.10462892055511475
ENA/chicken/c6a4b172-ed0b-4f31-b98f-4e170565d1c0.JPG,ENA_NRC254,0.2954256534576416
ENA/chicken/0ff1911e-93db-4337-9b0b-40237fac79d7.JPG,ENA_NRC254,0.2954256534576416
ENA/chicken/5314dbc9-8a76-4992-b7cd-a85308f92592.JPG,ENA_NRC254,0.2954256534576416
ENA/chicken/00e34f31-7ef1-46c9-b844-6306e2fb5191.JPG,ENA_NRC254,0.11516813933849335
ENA/chicken/4e88e956-1426-40ba-90c7-5471a33f2097.JPG,ENA_NRC254,0.11516813933849335
ENA/chicken/3a3863ff-f634-46c9-b69f-e284fd1171a1.JPG,ENA_NRC254,0.18851444125175476
ENA/chicken/e94d4cb7-349c-49f1-8b79-728b1c6a9787.JPG,ENA_NRC254,0.1700533777475357
EFH/greenfinch/62E9571C-F8CD-413E-9C51-687196CA4698.JPG,EFH_HCAMH06,0.06294985115528107
ENA/chicken/aecf6c85-110a-4fb0-b5fc-c2bc073d60cf.JPG,ENA_NRC254,0.1317935436964035
LCA/weka/c80d890a-c5fb-4b3e-ad63-28396afa5a4d.JPG,LCA_CAM11,0.3547349274158478
ENA/chicken/7af0a856-b0ae-441b-b471-2b1e36a9bfea.JPG,ENA_NRC254,0.15675386786460876
EFD/harrier/74107D1C-8577-4B59-8E66-F523A6313A53.JPG,EFD_DCAMF02,0.7993966341018677
ENA/chicken/d5dd07b8-10d1-48da-9d62-d8d9026b3961.JPG,ENA_NRC254,0.16094133257865906
KCR/kiwi/f2fb1740-036a-42ca-b01c-d77caf604bc0.JPG,KCR_MIL21,0.7231032252311707
TR1/takahe/69d694f6-1e1d-42e6-972d-3643eab9799a.JPG,TR1_unknown,0.5398258566856384
EFH/kiwi/06EB461F-A933-40BF-A2F5-A6CC64AD6370.JPG,EFH_HCAMC08,0.8874937295913696
ENA/chicken/6c4fa6ae-824b-490d-8c80-08b38df6ea3a.JPG,ENA_NRC254,0.17006509006023407
ENA/chicken/97c98015-fca6-4aef-b191-aca3c083248b.JPG,ENA_NRC254,0.251497358083725
ENA/chicken/5fedef77-e3c5-4104-8309-879743f545c4.JPG,ENA_NRC254,0.18356965482234955
ENA/chicken/0ffda780-424d-4064-bb8c-6cc4018c3d64.JPG,ENA_NRC254,0.0
ENA/chicken/4258ed25-5370-4a1a-9d16-3bb37393c687.JPG,ENA_NRC254,0.13927030563354492
TR1/takahe/7491214d-9c11-41f5-8822-7f262cc8765a.JPG,TR1_unknown,0.5239850878715515
ENA/chicken/5896a663-6eaa-4a3f-a89f-80d48ce5f807.JPG,ENA_NRC254,0.16496162116527557
ENA/chicken/1ce0aa15-86f9-4118-bb9f-1c4aa5e91336.JPG,ENA_NRC254,0.1435900628566742
ENA/chicken/18a1e3a8-003b-4436-b9dc-c83b59b04295.JPG,ENA_NRC254,0.1435900628566742
ENA/chicken/bf017caf-d30f-40d1-90a4-64ef4939eefd.JPG,ENA_NRC254,0.1435900628566742
ENA/chicken/354e548e-dad0-4038-b813-05da41042a73.JPG,ENA_NRC254,0.20433907210826874
ENA/chicken/acff1cab-c9c8-4f09-82bf-07b98d201a95.JPG,ENA_NRC254,0.20433907210826874
ENA/chicken/cb4eb780-810a-4aab-a18c-3b96b9869288.JPG,ENA_NRC254,0.20433907210826874
ENA/chicken/dcc96ad3-039d-433a-b9b8-38916a6cb20e.JPG,ENA_NRC254,0.03940385580062866
ENA/chicken/6b2f5111-5655-46c2-ac46-6baf5190948d.JPG,ENA_NRC254,0.03940385580062866
EFH/greenfinch/3D6CE071-E3F8-40BC-AD4E-28A36F6C9357.JPG,EFH_HCAMH06,0.10365653038024902
ENA/chicken/6360c37d-1e8e-4510-9547-ce5a5fa86ce4.JPG,ENA_NRC254,0.16311298310756683
ENA/chicken/956e6d5f-6221-4d5b-bffc-e4ab22684028.JPG,ENA_NRC254,0.0
ENA/chicken/dc2997d2-935e-44c2-b24e-19ebf037e1a3.JPG,ENA_NRC254,0.25610917806625366
ENA/chicken/04be454a-55cb-4974-b2d5-5fcd449362be.JPG,ENA_NRC254,0.2587323784828186
ENA/chicken/aca58d57-8f0c-459f-bcc0-3a9543fef9ee.JPG,ENA_NRC254,0.07993198931217194
ENA/chicken/b3097d9e-9713-404f-8d6a-74ec8e47e177.JPG,ENA_NRC254,0.04373788461089134
ENA/chicken/e22311e9-1202-4466-ac69-42ff34a73910.JPG,ENA_NRC254,0.24598269164562225
ENA/chicken/2c08067c-d02d-4fe7-b59b-f558012c85fd.JPG,ENA_NRC254,0.24598269164562225
ENA/chicken/0291b53e-e50e-47fc-ba26-c7a72d1069b9.JPG,ENA_NRC254,0.24598269164562225
ENA/chicken/0f0de450-2b9c-4e9e-a1d9-22c1f5080db8.JPG,ENA_NRC254,0.004276389721781015
ENA/chicken/32a741a2-f504-427e-80c5-fbb4f0be68d6.JPG,ENA_NRC254,0.0784657746553421
ENA/chicken/92cabaf4-3716-49f5-b1db-4c51216b64d3.JPG,ENA_NRC254,0.0315510630607605
TR1/takahe/1f661077-501d-48d4-b99c-ded2cb9835e9.JPG,TR1_unknown,0.5040557384490967
ENA/chicken/ee350006-ee2c-4562-95c7-9dac0b9f9289.JPG,ENA_NRC254,0.14133495092391968
ENA/chicken/8b546f48-56c2-4d4a-a98b-2fa968263638.JPG,ENA_NRC254,0.14133495092391968
ENA/chicken/7acd7f22-ed19-401a-bce5-e131d17b935d.JPG,ENA_NRC254,0.2310396283864975
ENA/chicken/81e46f92-17ba-40eb-b3a7-6c6b00c0be14.JPG,ENA_NRC254,0.2310396283864975
ENA/chicken/4c3ce6a0-7e59-49ba-bb00-985faaee8bf0.JPG,ENA_NRC254,0.11589992791414261
ENA/chicken/aac2c82d-caa9-4797-8182-612a2cdbc455.JPG,ENA_NRC254,0.11589992791414261
ENA/chicken/6a0bac8c-bb9d-40e5-8363-3bc8ccc87403.JPG,ENA_NRC254,0.11589992791414261
ENA/chicken/057b5b58-ac18-4d93-9fef-d319c94642b4.JPG,ENA_NRC254,0.21787597239017487
ENA/chicken/178d020a-bf0e-4f82-8be6-7ea6724a7394.JPG,ENA_NRC254,0.21787597239017487
ENA/chicken/357db667-521f-4ec4-aac0-a4bff463c93b.JPG,ENA_NRC254,0.21787597239017487
ENA/chicken/8f299a29-7e63-4458-b1bc-3e90876dc10b.JPG,ENA_NRC254,0.017032625153660774
EFH/kiwi/A2430AFF-1166-4585-95D7-EAC76CA8D5B5.JPG,EFH_HCAMD06,0.42646244168281555
ENA/chicken/91507107-8df4-49ab-a2af-d370e7513373.JPG,ENA_NRC254,0.5396454334259033
ENA/chicken/b325a294-6b2a-4408-9f3b-acd649c127b3.JPG,ENA_NRC254,0.21287190914154053
TR1/takahe/aac79534-d1b4-45af-b15a-55295af15940.JPG,TR1_unknown,0.5863591432571411
ENA/chicken/d07ba7c8-ff04-4498-bd73-ba7e1a9427be.JPG,ENA_NRC254,0.21287190914154053
ENA/chicken/9f500084-0efd-4ad1-92cf-e753530bd8ad.JPG,ENA_NRC254,0.21287190914154053
ENA/chicken/86d79962-69cb-421f-a2a4-d8667a5acd34.JPG,ENA_NRC254,0.1695052534341812
TR1/takahe/b1db1681-be08-4d1c-868d-21e018ce3db6.JPG,TR1_unknown,0.5181519389152527
ENA/chicken/cb6efa24-199a-4753-8d2a-29c6c184ee9d.JPG,ENA_NRC254,0.08790884912014008
ENA/chicken/04ea3bee-447b-48a7-82be-e24390c978d4.JPG,ENA_NRC254,0.08790884912014008
RKU/dunnock/569901DA-BF5D-434E-AF2C-0BCB2EF15296_000005.jpg,RKU_CCAMH046,0.0
ENA/chicken/33834991-61c0-44f4-a298-dd7b33be7ca9.JPG,ENA_NRC254,0.020291972905397415
ENA/chicken/1dfc056b-e0a2-4327-bddc-7eb92ce406ec.JPG,ENA_NRC254,0.020291972905397415
ENA/chicken/fa37488c-c318-46b3-8050-6822a40add04.JPG,ENA_NRC254,0.12820374965667725
ENA/chicken/992ae8c8-f3c3-4418-81fc-31a30b95c357.JPG,ENA_NRC254,0.12820374965667725
ENA/chicken/dfc70523-93d2-4d79-a1b1-ab73494dac74.JPG,ENA_NRC254,0.12820374965667725
ENA/chicken/f506d731-a406-4c5a-8ceb-da45387160cd.JPG,ENA_NRC254,0.09167129546403885
EFH/fantail/AF6D6A8F-6018-4BBB-ABE6-0488D410CF5B.JPG,EFH_HCAMD06,0.3238404095172882
KCR/chicken/d0b1c6bf-0b13-4650-a444-4e4e506ebe4c.JPG,KCR_HOR2,0.40029406547546387
ENA/chicken/b6438a49-f02f-49fb-b116-755ea0f17d3e.JPG,ENA_NRC254,0.08414161950349808
RKU/dunnock/DCC0C6F5-83AC-4688-B7E8-2C2851895492_000001.jpg,RKU_CCAMH046,0.0
ENA/chicken/154505e8-ae5c-4b4a-80ec-b0d4c02167c0.JPG,ENA_NRC254,0.13332682847976685
ENA/chicken/1c9806bd-7d5d-431a-8c70-d355e83e6355.JPG,ENA_NRC254,0.03902143985033035
ENA/chicken/6a041343-5f1e-4211-8eb7-6e40c09c189e.JPG,ENA_NRC254,0.08555282652378082
DWT/weka/4936D8FF-2545-4C3B-8C15-5131F84952BB.JPG,DWT_BCAM668_2022_1,0.0
ENA/chicken/034f472b-123e-4f0d-af77-6cdd3b04a8f0.JPG,ENA_NRC254,0.3455723524093628
ENA/chicken/57eae162-213a-40e9-9f47-3d760122ab63.JPG,ENA_NRC254,0.03910886496305466
ENA/chicken/43848220-a147-474c-9bb5-9e7ebed54e38.JPG,ENA_NRC254,0.03910886496305466
ENA/chicken/c64e4b5a-ec8c-48d4-8318-cdc43a0ad844.JPG,ENA_NRC254,0.3876062035560608
ENA/chicken/5cc6f636-669c-4565-94f5-51d601e45998.JPG,ENA_NRC254,0.3876062035560608
ENA/chicken/ba1fb000-c690-4137-816b-504c1f23b39c.JPG,ENA_NRC254,0.09340212494134903
ENA/chicken/5ef89b7f-af4d-420b-87fb-d5b6ece12eb3.JPG,ENA_NRC254,0.09340212494134903
ENA/chicken/b6f84d66-fec8-46fe-821c-f52c5480932f.JPG,ENA_NRC254,0.09340212494134903
RKU/dunnock/740D1BAF-6611-4305-82E5-D42AED404034_000005.jpg,RKU_CCAMH046,0.10722079873085022
ENA/chicken/f247e189-b8c0-49ca-bb57-af1a2624017e.JPG,ENA_NRC254,0.12660197913646698
ENA/chicken/453431b2-732c-4759-a3ea-995706b1347e.JPG,ENA_NRC254,0.12660197913646698
ENA/chicken/16f68af3-2e92-4af4-8da3-b0bacd5462ce.JPG,ENA_NRC254,0.04384905472397804
ENA/chicken/e7ca73e5-bf85-4f19-a180-56cc8c44f753.JPG,ENA_NRC254,0.04384905472397804
ENA/chicken/2448a31e-7aec-4c1a-a978-f2cec1502498.JPG,ENA_NRC254,0.11123557388782501
ENA/chicken/aaefd15c-7b99-4eb5-a059-f3d43e3fcec9.JPG,ENA_NRC254,0.11123557388782501
ENA/chicken/1a02f7c2-73eb-429c-8377-6aedc8209223.JPG,ENA_NRC254,0.11123557388782501
TR1/takahe/462673b3-b18b-4e46-af88-7ed54f6a87a3.JPG,TR1_unknown,0.3901071548461914
RKU/dunnock/15F17840-880B-4A87-AAF6-672E6BDCB7A9_000002.jpg,RKU_CCAMH046,0.0
ENA/chicken/21347c77-4589-4ea7-b27f-1a5d36b8a783.JPG,ENA_NRC254,0.19345417618751526
ENA/chicken/004b71d3-1e23-476e-8ed9-903283336379.JPG,ENA_NRC254,0.19345417618751526
ENA/chicken/e1ee0366-5dc2-4f2e-9d1f-48eec3f3af76.JPG,ENA_NRC254,0.19345417618751526
TR1/morepork/5c332487-e4e2-47e1-9e60-9e960597947a.JPG,TR1_unknown,0.4199703633785248
ENA/chicken/8c85266a-138d-4d3c-9edf-8ed37d725c72.JPG,ENA_NRC254,0.11193535476922989
ENA/chicken/be8aa907-8947-44f1-8d67-742f23709730.JPG,ENA_NRC254,0.11193535476922989
ENA/chicken/ed9a1bab-c631-480c-94bf-32a4d7c6da9e.JPG,ENA_NRC254,0.11193535476922989
ENA/chicken/ffb02636-af49-4510-abfe-aadc6bae580f.JPG,ENA_NRC254,0.23806220293045044
ENA/chicken/f4002992-8081-4d94-aa7f-c83556794514.JPG,ENA_NRC254,0.23806220293045044
ENA/chicken/57d0c58f-deb0-435b-af19-1503030e9bf7.JPG,ENA_NRC254,0.19459398090839386
ENA/chicken/35b62384-77f6-4bb7-921e-2bef704ed1d1.JPG,ENA_NRC254,0.19459398090839386
ENA/chicken/91291f76-e02a-4ad2-98f3-eedf1d4db0bc.JPG,ENA_NRC254,0.19459398090839386
ENA/chicken/a7fbf4bd-0fb5-4386-852b-929486c39ecb.JPG,ENA_NRC254,0.18778802454471588
ENA/chicken/403b8ec7-0cb3-4ed8-9dfb-34bcee828c30.JPG,ENA_NRC254,0.18778802454471588
ENA/chicken/9c2aa91c-6ced-44d7-866f-ac91a6ad0192.JPG,ENA_NRC254,0.0009091839892789721
ENA/chicken/a7a1a92b-ab3f-465c-baa9-201dd905aa0a.JPG,ENA_NRC254,0.0009091839892789721
ENA/chicken/803f4268-2895-4bd6-950a-563612a6674b.JPG,ENA_NRC254,0.11441763490438461
ENA/chicken/f7446a57-d637-4650-b9d1-f4b5714e7cc6.JPG,ENA_NRC254,0.38111335039138794
ENA/chicken/43f5dca4-da78-49c6-8b5e-3cf2fe4d932c.JPG,ENA_NRC254,0.38111335039138794
ENA/chicken/0221c4dd-e37e-42f0-aa07-bc6cab9b065d.JPG,ENA_NRC254,0.42168059945106506
ENA/chicken/e7e3c863-1a09-4624-b25d-564de830eeb3.JPG,ENA_NRC254,0.20476463437080383
ENA/chicken/4019158f-afcb-4a79-8be8-420d8b3bd23e.JPG,ENA_NRC254,0.20190712809562683
ENA/chicken/d96e0390-3d17-4ab8-b902-5bcc10f78299.JPG,ENA_NRC254,0.20190712809562683
ENA/chicken/c628e870-e645-4b05-a30c-36ba4e5a43c2.JPG,ENA_NRC254,0.017718452960252762
ENA/chicken/9190bfdb-5ad3-4e72-badb-8be2261f0f17.JPG,ENA_NRC254,0.017718452960252762
ENA/chicken/3bb70d50-db2b-41b4-90db-a2917d7c8a7c.JPG,ENA_NRC254,0.017718452960252762
RKU/dunnock/DABA4477-3F1C-40F8-A626-B150746E9B61_000009.jpg,RKU_CCAMH046,0.0
ENA/chicken/f7e8a473-96cb-4b1b-81d1-417c46d85d5e.JPG,ENA_NRC254,0.07211434096097946
TR1/takahe/b8660299-2963-41d9-bad5-d2969e81c593.JPG,TR1_unknown,0.32174161076545715
ENA/chicken/80b9e6b6-e859-42c2-9782-f97c20022a8d.JPG,ENA_NRC254,0.15276919305324554
ENA/chicken/4f24c043-0f6d-4a62-b408-e3f688d850b9.JPG,ENA_NRC254,0.15276919305324554
ENA/chicken/cb55d157-1d69-460e-8a20-75d1c15c2d9f.JPG,ENA_NRC254,0.22940291464328766
ENA/chicken/dcb94f93-1e33-490c-b760-3a3f75387bc2.JPG,ENA_NRC254,0.0
ENA/chicken/5b318fe7-f32f-4947-9676-dc62f98c0fff.JPG,ENA_NRC254,0.0
ENA/chicken/6efac3f1-2039-442f-94bf-29ed4c71e589.JPG,ENA_NRC254,0.16832493245601654
ENA/chicken/92a1abc7-cbe8-4fe9-97a0-02252bc0c958.JPG,ENA_NRC254,0.16832493245601654
ENA/chicken/3049001f-515d-45eb-830f-0a44c1e0aa0c.JPG,ENA_NRC254,0.16832493245601654
KCR/chicken/98dd5cfa-60ba-4055-934a-04760f07f3da.JPG,KCR_HOR2,0.08894271403551102
ENA/chicken/2bc30d80-7598-4f69-a7fd-5b6e47cfd18a.JPG,ENA_NRC254,0.15736575424671173
ENA/chicken/a52e5e9c-b93d-46e2-bdbb-a242ab81a804.JPG,ENA_NRC254,0.15736575424671173
KCR/dunnock/b8fb5aca-5072-4503-978f-ec399a71ed81.JPG,KCR_MIL7,0.16613930463790894
RKU/dunnock/9A141B29-F0A3-457F-BA0F-0207B22223BC_000003.jpg,RKU_CCAMH046,0.0
ENA/chicken/97960023-4601-49e7-b89e-e9dcf619e83c.JPG,ENA_NRC254,0.05582244694232941
RKU/dunnock/9A141B29-F0A3-457F-BA0F-0207B22223BC_000004.jpg,RKU_CCAMH046,0.0
ENA/chicken/7b4040d2-7ea1-44bc-b63b-cdf58b16a205.JPG,ENA_NRC254,0.12224999070167542
ENA/chicken/45561e93-b6cc-4ecd-a7ec-d3fd6ff36687.JPG,ENA_NRC254,0.01276302244514227
ENA/chicken/db0db556-a4d5-4da8-9d77-36b77a607202.JPG,ENA_NRC254,0.05017009377479553
ENA/chicken/6e27fd00-b751-40c0-bae4-042eaa375446.JPG,ENA_NRC254,0.2123539298772812
ENA/chicken/189f6b1d-efbf-4569-ad3b-b65514698d7e.JPG,ENA_NRC254,0.2123539298772812
ENA/chicken/db126b07-244e-47b1-a478-0d78c2c90166.JPG,ENA_NRC254,0.0930488258600235
ENA/chicken/1407a5d9-ca37-419c-8098-e2401a2155e0.JPG,ENA_NRC254,0.0930488258600235
ENA/chicken/b60ad8a2-7663-4171-ac84-87e5f4c10349.JPG,ENA_NRC254,0.0930488258600235
ENA/chicken/927dc3f8-442c-4988-86b2-81decb6e33d1.JPG,ENA_NRC254,0.2562282979488373
ENA/chicken/c782b26c-de47-49c7-ae0c-77247bc993a6.JPG,ENA_NRC254,0.2562282979488373
ENA/chicken/0a689e6a-64a3-45a0-a158-f7a940421098.JPG,ENA_NRC254,0.03807952255010605
ENA/chicken/9abf318a-d821-47f5-98f7-962b66a17990.JPG,ENA_NRC254,0.2517426311969757
EFH/kiwi/C30D030F-6DE8-46E0-B80F-3FBBD9F9EE35.JPG,EFH_HCAMC08,0.9765366315841675
ENA/chicken/191d5fd5-9183-48e4-b4e9-ab2ba13c66a6.JPG,ENA_NRC254,0.01914164610207081
RKU/dunnock/90388E61-D1FB-4D3B-88A6-22C88026CE4D_000005.jpg,RKU_CCAMH046,0.0
ENA/chicken/4629451b-d361-4a36-88d7-cc0516191a21.JPG,ENA_NRC254,0.01914164610207081
ENA/chicken/56ae8346-989f-4297-a737-4934e9222911.JPG,ENA_NRC254,0.01914164610207081
RKU/dunnock/DABA4477-3F1C-40F8-A626-B150746E9B61_000005.jpg,RKU_CCAMH046,0.0
ENA/chicken/de661647-1042-43be-a06d-8a57b4b6599b.JPG,ENA_NRC254,0.32549694180488586
ENA/chicken/1fe2348f-2d16-4061-8777-83ce8f0ea6d1.JPG,ENA_NRC254,0.32549694180488586
ENA/chicken/21020084-8708-417c-9bc5-e1dce41cbf87.JPG,ENA_NRC254,0.14137154817581177
ENA/chicken/5c4e0e2f-c88d-45d6-983e-bb088c21fd2c.JPG,ENA_NRC254,0.14137154817581177
ENA/chicken/4c049b29-e012-40c6-91ff-43c42f53a414.JPG,ENA_NRC254,0.14137154817581177
ENA/chicken/c972068c-b27f-4a42-8468-128df1511f76.JPG,ENA_NRC254,0.01838434673845768
ENA/chicken/ce4d0125-c764-4dd0-b52e-58892a3bb31c.JPG,ENA_NRC254,0.06691360473632812
ENA/chicken/70ea04bd-cb8c-4234-b3eb-09af65a56cc2.JPG,ENA_NRC254,0.06691360473632812
RKU/dunnock/FEA83122-1BF1-41D9-8FC8-246293AB9E6B_000010.jpg,RKU_CCAMH046,0.46910372376441956
TR1/morepork/003808e0-f5e0-44aa-8e20-a27caf8f6ef9.JPG,TR1_unknown,0.4229075014591217
ENA/chicken/50113b70-befb-40ec-973e-ceb8dc6a14a9.JPG,ENA_NRC254,0.710163414478302
ENA/chicken/c614573b-2dc2-4b30-9b07-f32b97bd419a.JPG,ENA_NRC254,0.4318724572658539
ENA/chicken/c79c8af9-fe7c-4b9a-9e4c-55847cae4744.JPG,ENA_NRC254,0.00017795260646380484
RKU/dunnock/23CBC770-F76C-49C6-A37F-137300C90D3F_000006.jpg,RKU_CCAMH046,0.0
ENA/chicken/7f555c55-d6aa-4d40-ab5e-00ddeb5e6495.JPG,ENA_NRC254,0.11567793786525726
ENA/chicken/3e9a6de4-88a2-405a-9a23-04b981a9b699.JPG,ENA_NRC254,0.0
RKU/dunnock/23CBC770-F76C-49C6-A37F-137300C90D3F_000010.jpg,RKU_CCAMH046,0.0
ENA/chicken/8104f9bb-dbad-44ba-a302-7d413ffa9169.JPG,ENA_NRC254,0.013269041664898396
ENA/chicken/c9990485-b595-4f3d-8199-fb28bbc33cde.JPG,ENA_NRC254,0.012277956120669842
ENA/chicken/c52a87dc-49e0-4d3b-9019-0e27035921ec.JPG,ENA_NRC254,0.0021649389527738094
ENA/chicken/0ba056f9-aaa8-4566-bc65-a0afee629a9f.JPG,ENA_NRC254,0.0021649389527738094
ENA/chicken/d8a2f528-1f61-4f0a-aaac-2565b5d40675.JPG,ENA_NRC254,0.0021649389527738094
ENA/chicken/228542da-a12f-49eb-88b0-66c8dc0ce133.JPG,ENA_NRC254,0.024794401600956917
ENA/chicken/1464dcce-21d2-4578-b825-7129988304b3.JPG,ENA_NRC254,0.024794401600956917
ENA/chicken/2aec07fb-5794-4f7b-9964-7f882b76d8ab.JPG,ENA_NRC254,0.024794401600956917
RKU/dunnock/DCC0C6F5-83AC-4688-B7E8-2C2851895492_000003.jpg,RKU_CCAMH046,0.0
ENA/chicken/7df266d7-f1e0-4259-968f-243640a6b11b.JPG,ENA_NRC254,0.019427383318543434
ENA/chicken/bc75038a-b15d-46a4-945b-9cbb21b9e0d9.JPG,ENA_NRC254,0.019427383318543434
TR1/takahe/046c035b-f669-4f99-a49c-100f4f292c6c.JPG,TR1_unknown,0.3063212037086487
ENA/chicken/6cadfe31-022e-4e83-af52-371c989790e7.JPG,ENA_NRC254,0.07722765952348709
ENA/chicken/454ce3e0-1c04-43bc-b937-20f699d7348f.JPG,ENA_NRC254,0.07722765952348709
ENA/chicken/e2d7e73a-9c6a-4969-a03e-8835d1179e6a.JPG,ENA_NRC254,0.09148358553647995
ENA/chicken/47659c7c-f581-4ea8-8e57-6c4011c9ead8.JPG,ENA_NRC254,0.2730214595794678
RKU/dunnock/2521B88A-68BE-4C47-B00E-D6113E108886_000005.jpg,RKU_CCAMH046,0.0
ENA/chicken/87815ade-c6ea-4eff-93de-59b600791965.JPG,ENA_NRC254,7.76592714828439e-05
TR1/morepork/91ef40e6-bf5f-49c2-a533-d14c15dcaefd.JPG,TR1_unknown,0.4015175700187683
ENA/chicken/0f9783b2-3c5d-468a-847e-381a009d72ba.JPG,ENA_NRC254,0.002062042010948062
ENA/chicken/8a5cd257-5b95-4dc4-b096-989a5dabd35c.JPG,ENA_NRC254,0.0901254341006279
ENA/chicken/f14bc418-cdf4-4215-b4a9-8edd5013daa6.JPG,ENA_NRC254,0.35947367548942566
ENA/chicken/eb9d6624-c216-4167-a64b-509a35452d2f.JPG,ENA_NRC254,0.6374537348747253
ENA/chicken/6dc9f7fc-9f89-4c77-bad2-47320c66bae3.JPG,ENA_NRC254,0.6374537348747253
ENA/chicken/a4e852bd-6251-42e8-b925-7eeb2ee7c122.JPG,ENA_NRC254,0.2934607267379761
ENA/chicken/52f463dc-f44d-4469-b555-8e1e0860378d.JPG,ENA_NRC254,0.07023333758115768
ENA/chicken/c0b3536d-d739-49d4-b0c5-8bd620e12f45.JPG,ENA_NRC254,0.07023333758115768
ENA/chicken/0a54f187-ca76-4803-88f3-4df60cd742ae.JPG,ENA_NRC254,0.09856484830379486
ENA/chicken/9db80731-5483-49d5-83a6-37b9e28a4f3e.JPG,ENA_NRC254,0.09856484830379486
ENA/chicken/45f8419a-7313-4b2e-bdf3-a91b2b86082c.JPG,ENA_NRC254,0.15296883881092072
ENA/chicken/f17392dc-17f6-44a6-a679-9d154c340b46.JPG,ENA_NRC254,0.15296883881092072
ENA/chicken/2a6933e6-e68f-4b95-a7cc-e1c23a078ea5.JPG,ENA_NRC254,0.15296883881092072
ENA/chicken/d2429fd6-2f5b-419f-a43f-cf7d5aebff15.JPG,ENA_NRC254,0.1555885225534439
ENA/chicken/dc5a4688-8359-413d-8048-6cec34df4e57.JPG,ENA_NRC254,0.1555885225534439
ENA/chicken/eb44601a-fafa-42c9-a799-d646ca47068b.JPG,ENA_NRC254,0.1555885225534439
ENA/chicken/2e3e8ff4-726f-406b-8af9-e89620341e14.JPG,ENA_NRC254,0.2709658145904541
ENA/chicken/cb98e315-b7c9-4b2f-9b2d-5a59d9be8472.JPG,ENA_NRC254,0.0021671964786946774
ENA/chicken/0543dd70-a09b-40d6-a145-3a6aecac2838.JPG,ENA_NRC254,0.0
ENA/chicken/ab1e9cd2-cf3f-4caa-8cab-6ff9ea211cba.JPG,ENA_NRC254,0.05608489736914635
ENA/chicken/764723ad-652a-442c-93b3-3c35b13b5ff5.JPG,ENA_NRC254,0.05608489736914635
ENA/chicken/14575135-1958-4a0e-9da3-21bccbf8fa92.JPG,ENA_NRC254,0.05608489736914635
ENA/chicken/2739712b-f1f7-40ff-8476-f27dc545d018.JPG,ENA_NRC254,0.004973698873072863
ENA/chicken/a38219ba-63cb-497d-8418-7aaf49c8146d.JPG,ENA_NRC254,0.2241601198911667
ENA/chicken/f1d3cd71-34c3-445e-a90d-eca5266ac1b4.JPG,ENA_NRC254,0.2241601198911667
ENA/chicken/609e66eb-1389-472b-96ac-7ea22f06f46e.JPG,ENA_NRC254,0.2241601198911667
RKU/dunnock/90388E61-D1FB-4D3B-88A6-22C88026CE4D_000003.jpg,RKU_CCAMH046,0.0
ENA/chicken/bacccf60-fe47-4774-9c7f-9c7acd4b8f3f.JPG,ENA_NRC254,0.015036421827971935
ENA/chicken/0124212d-7f96-46a0-8d75-8edec9a92606.JPG,ENA_NRC254,0.0013297147816047072
ENA/chicken/548dcf6f-8369-4e14-adc2-48dea1c2bd65.JPG,ENA_NRC254,0.028863806277513504
ENA/chicken/991e910c-a840-4ee9-8f8f-30e85e45e845.JPG,ENA_NRC254,0.028863806277513504
RKU/dunnock/23CBC770-F76C-49C6-A37F-137300C90D3F_000007.jpg,RKU_CCAMH046,0.0
RKU/dunnock/96A3F3B7-6D12-452D-BB1F-D5A9C3F3FB2E_000004.jpg,RKU_CCAMH046,0.0
ENA/chicken/9ecbe992-1739-422d-ba33-406af04e12a7.JPG,ENA_NRC254,0.07647276669740677
ENA/chicken/5780c85f-5499-4759-94f2-823d7e23e62b.JPG,ENA_NRC254,0.115035280585289
ENA/chicken/dbfc050e-d745-41f0-8048-4f9ea6f82bf4.JPG,ENA_NRC254,0.115035280585289
ENA/chicken/71b9eed3-a483-421f-b8d9-f038b6074c62.JPG,ENA_NRC254,0.115035280585289
ENA/chicken/72242a12-31b4-40f0-875d-6a9b87699ab5.JPG,ENA_NRC254,0.08722018450498581
ENA/chicken/bebab169-bc47-40a7-8ecf-9abf99260b33.JPG,ENA_NRC254,0.03009207174181938
ENA/chicken/cf5b15e3-b29b-45c4-8e79-247a14f39a89.JPG,ENA_NRC254,0.021768521517515182
ENA/chicken/99cdc705-a49d-45c5-a925-e32574bc9aa4.JPG,ENA_NRC254,0.021768521517515182
ENA/chicken/1e53a741-3069-4950-94bd-47b7049a63cc.JPG,ENA_NRC254,0.08454913645982742
ENA/chicken/f29fcc7e-c2db-43b1-9119-aae1a1f93211.JPG,ENA_NRC254,0.0
ENA/chicken/65050c5d-b610-4ab7-b73c-d52069ad51a0.JPG,ENA_NRC254,0.0
RKU/dunnock/15F17840-880B-4A87-AAF6-672E6BDCB7A9_000003.jpg,RKU_CCAMH046,0.0
ENA/chicken/9a911be1-8f56-49d8-818f-2d9728033813.JPG,ENA_NRC254,0.0
ENA/chicken/016bc55b-5359-434e-8ce6-0932218675b4.JPG,ENA_NRC254,0.0
ENA/chicken/231a63a1-d040-417c-9d82-0a4b4caff660.JPG,ENA_NRC254,0.026764582842588425
ENA/chicken/a8c68a56-fa8e-4a76-a1a5-05429027830d.JPG,ENA_NRC254,0.026764582842588425
EFH/redpoll/FCE37CAA-A06A-4327-94E4-46D07F51BADE.JPG,EFH_HCAMD06,0.0
ENA/chicken/d5b9202f-d620-4b48-a834-707ec84037ad.JPG,ENA_NRC254,0.03248772397637367
ENA/chicken/f9ea2c87-2cea-4b90-b7ac-1ec7d12751bc.JPG,ENA_NRC254,0.03248772397637367
ENA/chicken/fbf4d54f-2122-4a12-861c-d412a15c5d9b.JPG,ENA_NRC254,0.03248772397637367
LR2/harrier/90a956ba-451a-40c0-80d8-5113c0b08b7b.JPG,LR2_EC136,0.9239986538887024
TR1/morepork/38c3669b-db7a-4d16-8215-a9458a163d2a.JPG,TR1_unknown,0.45693647861480713
ENA/chicken/8573496c-49c9-4d9c-b540-485c69120389.JPG,ENA_NRC254,0.1295124888420105
ENA/chicken/a7e99979-bb49-4496-b56d-e86d2833b94e.JPG,ENA_NRC254,0.1295124888420105
RKU/dunnock/96A3F3B7-6D12-452D-BB1F-D5A9C3F3FB2E_000005.jpg,RKU_CCAMH046,0.0
ENA/chicken/1e8b5f67-31ce-4f57-a1cd-1c2dab335244.JPG,ENA_NRC254,0.49550846219062805
ENA/chicken/8a5dcc38-909d-4281-b463-e9515bbfaf1d.JPG,ENA_NRC254,0.49550846219062805
RKU/dunnock/DCC0C6F5-83AC-4688-B7E8-2C2851895492_000009.jpg,RKU_CCAMH046,0.0
ENA/chicken/4bfba052-9f01-4599-b5ce-f4cc40075bfa.JPG,ENA_NRC254,0.0
ENA/chicken/c1c98b84-96c6-4c21-bd9b-69efbd343e6f.JPG,ENA_NRC254,0.0
ENA/chicken/98495bb9-c39d-4585-b3da-814d116b122c.JPG,ENA_NRC254,0.019641635939478874
ENA/chicken/4c7fe6a8-8707-4a0e-837f-8ff216c11007.JPG,ENA_NRC254,0.019641635939478874
ENA/chicken/3fbc456c-1807-40af-8e50-9c5f31504de1.JPG,ENA_NRC254,0.0
ENA/chicken/9b2b3998-634f-471e-b40b-19fa3a2fa31e.JPG,ENA_NRC254,0.0
ENA/chicken/fcc8fe6f-b3b5-46f0-9e2d-5ea3f5ca7570.JPG,ENA_NRC254,0.011694597080349922
EFH/fantail/B6FEF3A5-2E50-4961-82DF-380EB8897081.JPG,EFH_HCAMD06,0.4581243395805359
ENA/chicken/043bbc0f-7161-4f16-8554-d09f7b25198e.JPG,ENA_NRC254,0.00687783770263195
ENA/chicken/0c29e0cf-ad3e-4d78-9786-3a91cc3cdc2d.JPG,ENA_NRC254,0.00687783770263195
ENA/chicken/0eef0587-7121-4c9c-9d3d-098da86e8485.JPG,ENA_NRC254,0.00687783770263195
RKU/dunnock/90388E61-D1FB-4D3B-88A6-22C88026CE4D_000002.jpg,RKU_CCAMH046,0.0
ENA/chicken/0f6fa4c0-4eec-4520-be1f-bb5ed017c155.JPG,ENA_NRC254,0.07466790080070496
ENA/chicken/c58f8975-6de7-4530-9537-04554843ed13.JPG,ENA_NRC254,0.07466790080070496
ENA/chicken/1cf913e9-f725-4efe-adf3-2447885cd766.JPG,ENA_NRC254,0.07466790080070496
ENA/chicken/aaf8c784-3987-488c-afe3-daf7bc0f85eb.JPG,ENA_NRC254,0.0
RKU/dunnock/3062426D-11C8-40A0-B9AA-DA19AC97C1F7_000006.jpg,RKU_CCAMH046,0.0
ENA/chicken/acb366b8-1a03-495f-8433-e8707d2500e4.JPG,ENA_NRC254,0.0
RKU/dunnock/24C15406-53C0-4EEE-A2BA-E57C73478980_000008.jpg,RKU_CCAMH046,0.0
LR3/pipit/0ebbecd6-94ff-4a6d-b456-feedf0c73b07.JPG,LR3_EC111,0.6040823459625244
RKU/dunnock/23CBC770-F76C-49C6-A37F-137300C90D3F_000009.jpg,RKU_CCAMH046,0.0
ENA/chicken/50ac0b85-a77e-4773-86b6-f81133bc1e55.JPG,ENA_NRC254,0.015735026448965073
ENA/chicken/8cee3eb6-08db-4ae5-aa69-c762de3407bb.JPG,ENA_NRC254,0.015735026448965073
ENA/chicken/f1e5061f-202a-4a58-aca1-d49f60deb05d.JPG,ENA_NRC254,0.0030569040682166815
TR1/takahe/4bdcb2e6-d07e-45c1-aaf1-9733703106ec.JPG,TR1_unknown,0.3859957754611969
RKU/dunnock/F177AD67-A09F-426A-BF69-D13B58335B0D_000004.jpg,RKU_CCAMH046,0.0
ENA/chicken/54d24de7-300c-40a8-87cc-e4f657807945.JPG,ENA_NRC254,0.03603257238864899
ENA/chicken/30a1e873-f633-400c-89a3-7b8ddb2d892f.JPG,ENA_NRC254,0.03603257238864899
ENA/chicken/be9f418a-8f20-42c3-9609-74c7698ea7a8.JPG,ENA_NRC254,0.007689512800425291
RKU/dunnock/F177AD67-A09F-426A-BF69-D13B58335B0D_000001.jpg,RKU_CCAMH046,0.0
ENA/chicken/cc077ca3-4cac-45f6-8f9e-339728b2c67b.JPG,ENA_NRC254,0.3403988778591156
ENA/chicken/d6e2f3e8-1ddd-4eb4-849d-a5b452ca8231.JPG,ENA_NRC254,0.3403988778591156
ENA/chicken/16c3e284-8657-43ee-8b37-918d533a6f7e.JPG,ENA_NRC254,0.46586692333221436
ENA/chicken/2696b46b-566a-49fe-a933-c4fad62ba2bf.JPG,ENA_NRC254,0.010835983790457249
ENA/chicken/1e4408c2-4fb2-4a9a-8e3e-bd172c9bc4bf.JPG,ENA_NRC254,0.010835983790457249
ENA/chicken/1a346c2a-d4ce-4d92-be67-21ddb4e0631c.JPG,ENA_NRC254,0.005541026592254639
ENA/chicken/90b2d96b-8d9e-43d3-87a4-b21b41fe337e.JPG,ENA_NRC254,0.005541026592254639
ENA/chicken/93430a81-ec43-44eb-92bd-8b36d1612cdb.JPG,ENA_NRC254,0.0
ENA/chicken/1f6d7214-6614-4d12-9be0-5ccc4405866b.JPG,ENA_NRC254,0.0
ENA/chicken/0fbaf7d5-c85d-4017-808b-26e7fa6f975d.JPG,ENA_NRC254,0.0
ENA/chicken/16fbd197-9d85-4115-be1d-a8205a43c757.JPG,ENA_NRC254,0.004087826702743769
ENA/chicken/e3153e09-7974-4554-a1a1-dc387b740790.JPG,ENA_NRC254,0.004087826702743769
ENA/chicken/1ddab237-c27b-49af-9fea-84edc1e81251.JPG,ENA_NRC254,0.002297277096658945
EFH/redpoll/55CCA865-6A70-45B4-B497-1D23A7ACD87E.JPG,EFH_HCAMD06,0.0007114685722626746
ENA/chicken/8b3f53a4-d533-4b6f-8366-64aab4197017.JPG,ENA_NRC254,0.0
ENA/chicken/6c63842a-88e6-4a5e-9ab9-62d57815214b.JPG,ENA_NRC254,0.0
ENA/chicken/0b86aed0-6b01-4cef-b8f1-b19adbfff990.JPG,ENA_NRC254,0.0
ENA/chicken/27225bc8-e407-48cf-8e26-cb9a6a9ebc2f.JPG,ENA_NRC254,0.5496955513954163
ENA/chicken/102cefe6-6599-4383-a65b-9a9233da05b3.JPG,ENA_NRC254,0.0
EFD/chaffinch/23134F79-C3CE-4FCB-BB23-FA524B641C0B.JPG,EFD_DCAME06,0.31411319971084595
ENA/chicken/8536b19e-b595-4d1d-80b7-ff827b88ab33.JPG,ENA_NRC254,0.003519972786307335
ENA/chicken/02f24a93-c3c4-4964-bcc9-b8db2f9eda11.JPG,ENA_NRC254,0.003519972786307335
ENA/chicken/47b0fb78-6652-49bb-8a32-e0224159783f.JPG,ENA_NRC254,0.0
ENA/chicken/ff3212e8-756b-485e-abbd-d5cb1f3c7aec.JPG,ENA_NRC254,0.26256826519966125
ENA/chicken/cdc1b21f-c7ef-46ee-9418-c1fda00b5115.JPG,ENA_NRC254,0.0543905608355999
ENA/chicken/07c22b4c-da9d-4fb4-ad15-1244445af096.JPG,ENA_NRC254,0.0543905608355999
ENA/chicken/41a47925-82b2-4187-9f8f-d342278ae858.JPG,ENA_NRC254,0.0543905608355999
RKU/dunnock/740D1BAF-6611-4305-82E5-D42AED404034_000009.jpg,RKU_CCAMH046,0.0
ENA/chicken/a0b58a57-9f0e-4a94-a9a2-3983ca96d0da.JPG,ENA_NRC254,0.0
ENA/chicken/dc93bcaa-fecf-419b-bd4d-2827ebc86661.JPG,ENA_NRC254,0.0
ENA/chicken/24b8d12f-10c2-413d-9d4d-8a64f094a53d.JPG,ENA_NRC254,0.0
ENA/chicken/526ee58e-7500-472a-a906-33b0f719418e.JPG,ENA_NRC254,0.0
Z20/kereru/0f437a0e-d939-4187-9ed5-af0193b5768f.JPG,Z20_3SIA350,0.9809938669204712
EFH/chaffinch/80B3D6C4-264C-4C73-AA2A-910450D64C27.JPG,EFH_HCAMH06,0.0
TR1/takahe/b63cd9b7-cc71-4bfe-9c08-9ea122b559ac.JPG,TR1_unknown,0.14737427234649658
ENA/chicken/d9f913ae-e0a2-46a4-90a2-c3d5e08c4235.JPG,ENA_NRC254,0.008112612180411816
ENA/chicken/1c79aef3-53dc-4516-bc05-daf8da637018.JPG,ENA_NRC254,0.008112612180411816
ENA/chicken/2144fa20-4f03-4146-a33a-9ab20ad921a6.JPG,ENA_NRC254,0.008112612180411816
ENA/chicken/f868047c-7d4d-4871-b158-d5eed18e791d.JPG,ENA_NRC254,0.0
ENA/chicken/efabe5f6-889f-481d-af77-375163dc3479.JPG,ENA_NRC254,0.0005060729454271495
ENA/chicken/2e5063f8-a342-4d1d-8a6f-500a370ca1e3.JPG,ENA_NRC254,0.0005060729454271495
ENA/chicken/1b963a8a-9814-4d68-bff7-ae04b3bf7cf9.JPG,ENA_NRC254,0.0005060729454271495
TR1/takahe/41e98723-ccb9-4695-b448-e817a5bb5af9.JPG,TR1_unknown,0.3031247556209564
RKU/dunnock/90388E61-D1FB-4D3B-88A6-22C88026CE4D_000004.jpg,RKU_CCAMH046,0.0
ENA/chicken/230962a9-ad0f-4924-bd34-d06837abc8b5.JPG,ENA_NRC254,0.0
ENA/chicken/f9f531a9-cd09-45aa-b6f3-7af1665d9be1.JPG,ENA_NRC254,0.0
RKU/dunnock/23CBC770-F76C-49C6-A37F-137300C90D3F_000005.jpg,RKU_CCAMH046,0.0
ENA/chicken/f97e941a-a029-47c9-972b-7d5bb07bc172.JPG,ENA_NRC254,0.027016961947083473
ENA/chicken/e3b5096c-f168-4da6-b255-0c6e4d81b6aa.JPG,ENA_NRC254,0.029438814148306847
ENA/chicken/c8ee63e6-3d76-4b41-ac05-2233cb2e380d.JPG,ENA_NRC254,0.0562126487493515
ENA/chicken/4a058960-3d1d-4a64-bf61-f713cffe9b03.JPG,ENA_NRC254,0.0562126487493515
ENA/chicken/6f1eb37e-bbc3-42de-841d-6b5ba90ead48.JPG,ENA_NRC254,0.0562126487493515
RKU/dunnock/3CE8AAD6-D943-47D0-A3FE-71C93BE73811_000001.jpg,RKU_CCAMH046,0.0
RKU/dunnock/831FAE15-1E91-4E17-B5D7-409615932CB5_000008.jpg,RKU_CCAMH046,0.0
ENA/chicken/c0bba416-3a03-4204-bf9f-7d0b814128c5.JPG,ENA_NRC254,0.02122638374567032
ENA/chicken/0341b724-99a5-4f0b-bdb1-4cd59f288c8c.JPG,ENA_NRC254,0.02122638374567032
ENA/chicken/168061fc-ece5-468d-a65e-c3372057ecb6.JPG,ENA_NRC254,0.0
ENA/chicken/6c59a24b-7d55-401a-90af-780ad0addca6.JPG,ENA_NRC254,0.0
TR1/takahe/de382372-7603-4daf-b51d-0e5083936f9e.JPG,TR1_unknown,0.15109166502952576
RKU/dunnock/5B574946-CCD2-412E-8ED2-AB98D42CF3D9_000007.jpg,RKU_CCAMH046,0.0
ENA/chicken/ed6b7555-6ed3-4290-99ad-a7a9a2c4a7e1.JPG,ENA_NRC254,0.0
ENA/chicken/f24b6f87-9c80-43f1-9402-1cc47f57966c.JPG,ENA_NRC254,0.0
TR1/kiwi/351eef37-1c1f-4e55-96da-285ad767c1fc.JPG,TR1_TARK34T2J,0.8944545388221741
ENA/chicken/ea9e2c19-7c87-4257-a066-dd0e179eea25.JPG,ENA_NRC254,0.029976829886436462
ENA/chicken/ba1abaed-58e6-4e3d-ba3f-ab95ecf70d79.JPG,ENA_NRC254,0.029976829886436462
ENA/chicken/175feca3-1b43-45f1-a282-60e24e3bdf81.JPG,ENA_NRC254,0.029976829886436462
EFD/chaffinch/6DC2BC51-2180-4320-8676-05B6E25082E9.JPG,EFD_DCAME04,0.21295210719108582
TR1/takahe/977131ee-69fc-43cc-a469-866784e31e96.JPG,TR1_unknown,0.4000111520290375
RKU/dunnock/3062426D-11C8-40A0-B9AA-DA19AC97C1F7_000002.jpg,RKU_CCAMH046,0.0
ENA/chicken/f8111b0c-da1f-472d-a1ff-35ac9c694e87.JPG,ENA_NRC254,0.014550006948411465
ENA/chicken/03850b3f-a572-4894-98a3-325538773654.JPG,ENA_NRC254,0.014550006948411465
ENA/chicken/b70748e8-db68-4083-aaa1-6946b7c124d6.JPG,ENA_NRC254,0.014550006948411465
EFH/redpoll/1859863E-1905-4B92-A14F-973667F1C0C0.JPG,EFH_HCAMD06,0.0
ENA/chicken/1d02e197-38f6-4255-8324-753ccb442ab0.JPG,ENA_NRC254,0.21433576941490173
ENA/chicken/16dc802a-0963-46b9-a97a-1350820a70e1.JPG,ENA_NRC254,0.21433576941490173
ENA/chicken/1506a16d-3546-416d-b117-fc7d560cf53a.JPG,ENA_NRC254,0.06608182936906815
ENA/chicken/6a5f83f8-981f-42e1-974b-889e887eac75.JPG,ENA_NRC254,0.06608182936906815
ENA/chicken/db8aca72-2d46-4ecf-b76d-7384cfff1bb3.JPG,ENA_NRC254,0.06608182936906815
ENA/chicken/ccb583b4-2f5c-4352-90a0-ad4278e80fbe.JPG,ENA_NRC254,0.0
ENA/chicken/93856f01-6ce9-4acd-846d-a1955f1010ef.JPG,ENA_NRC254,0.0
ENA/chicken/a811fe72-1785-47e6-9550-6d3946d93aca.JPG,ENA_NRC254,0.0
ENA/chicken/3d4b4fe1-98cb-448e-b041-0a30c882b5b7.JPG,ENA_NRC254,0.008232289925217628
ENA/chicken/659892e7-e9ce-443b-9873-6feab8a2669e.JPG,ENA_NRC254,0.0
ENA/chicken/eeb20ce8-8c8a-41d7-bbba-5b49a7b8cf0d.JPG,ENA_NRC254,0.0
RKU/dunnock/96A3F3B7-6D12-452D-BB1F-D5A9C3F3FB2E_000001.jpg,RKU_CCAMH046,0.0
ENA/chicken/0a965b79-b92b-40b6-8b6b-c42f1e47da0a.JPG,ENA_NRC254,0.029358701780438423
TR1/morepork/310049d9-c4d8-40db-9ebe-f3a337c601ab.JPG,TR1_unknown,0.45035913586616516
RKU/dunnock/DCC0C6F5-83AC-4688-B7E8-2C2851895492_000008.jpg,RKU_CCAMH046,0.0
ENA/chicken/7af49381-65ec-4f84-8d5e-922df024be73.JPG,ENA_NRC254,0.0005456364015117288
ENA/chicken/f6e7e527-cdfd-40a0-bfa3-84f5592de104.JPG,ENA_NRC254,0.0005456364015117288
AIV/yellow_eyed_penguin/6F0C73D9-EAD9-4799-8F0A-E466340B6646_000002.jpg,AIV_DCAMI02,0.9092972874641418
ENA/chicken/acf88700-bc4a-4661-b365-c62072d36e28.JPG,ENA_NRC254,0.0
ENA/chicken/2034e516-e97f-48db-8a0f-491aac8f64e0.JPG,ENA_NRC254,0.0
ENA/chicken/32af07d0-0643-46a3-9053-b308b3b2b74b.JPG,ENA_NRC254,0.0007011246052570641
ENA/chicken/cdba17b4-a4f6-4aaa-9276-4fb3a90bfb04.JPG,ENA_NRC254,0.0007011246052570641
ENA/chicken/2b642ca7-b0ce-43d0-bbb1-8e73ea061413.JPG,ENA_NRC254,0.0007011246052570641
ENA/chicken/f4df4621-e03f-4d6e-a75a-8b2dcc3d3929.JPG,ENA_NRC254,0.007449525874108076
ENA/chicken/ab3deaf4-b4cd-421e-a103-552e43f2674e.JPG,ENA_NRC254,0.4666840136051178
ENA/chicken/dd2ccf55-d7e1-46ce-b254-d7c716392e4b.JPG,ENA_NRC254,0.4666840136051178
ENA/chicken/a68331e1-2c8d-41cd-95c0-9b3447077c2a.JPG,ENA_NRC254,0.0
ENA/chicken/dbaeef2f-c13e-45e4-936b-8dad8064501c.JPG,ENA_NRC254,0.0
ENA/chicken/7edc9acd-68b5-4e60-aaae-715c974401fb.JPG,ENA_NRC254,0.010436752811074257
TR1/takahe/f99ec7c2-a97d-42a6-9bb7-8e3dc8fd09ee.JPG,TR1_unknown,0.35558366775512695
RKU/dunnock/F177AD67-A09F-426A-BF69-D13B58335B0D_000002.jpg,RKU_CCAMH046,0.0
KCR/chicken/d7f70d86-21e9-4ccf-b782-25f8c4d57143.JPG,KCR_HOR2,0.5121053457260132
ENA/chicken/58f3e1aa-9856-4997-9e42-979b820f78d6.JPG,ENA_NRC254,0.0
RKU/dunnock/569901DA-BF5D-434E-AF2C-0BCB2EF15296_000001.jpg,RKU_CCAMH046,0.0
RKU/dunnock/831FAE15-1E91-4E17-B5D7-409615932CB5_000003.jpg,RKU_CCAMH046,0.0
ENA/chicken/ae55790b-de2d-43c3-8df1-decce01ece32.JPG,ENA_NRC254,0.00053068419219926
RKU/dunnock/A0618DE0-D62F-4ADB-BDA6-DECEB32A14C0_000008.jpg,RKU_CCAMH046,3.365189741089125e-06
ENA/chicken/53d9e900-c8de-4f7e-a163-a6f9882f45ce.JPG,ENA_NRC254,0.006831823848187923
ENA/chicken/a1617082-1469-41ff-b5a3-91f0ed729911.JPG,ENA_NRC254,0.006831823848187923
ENA/chicken/46e2711a-69c3-45d5-a763-eeffacd4f69e.JPG,ENA_NRC254,0.006831823848187923
RKU/dunnock/716CFD0D-A0A5-4454-AEEE-88469618E31A_000010.jpg,RKU_CCAMH046,0.0
ENA/chicken/d6f20af1-087b-46ff-8ba6-51e1981b2d8b.JPG,ENA_NRC254,0.0004894556477665901
ENA/chicken/f62ac47e-ca3e-40b2-b864-f5ee1d65c6c8.JPG,ENA_NRC254,0.0
ENA/chicken/647180e9-ab69-4bb9-a976-fbdfe833bd3c.JPG,ENA_NRC254,0.0
ENA/chicken/1188bd06-6e85-48b3-a75e-cda64919c21f.JPG,ENA_NRC254,0.0005398610373958945
RKU/dunnock/831FAE15-1E91-4E17-B5D7-409615932CB5_000002.jpg,RKU_CCAMH046,0.0
ENA/chicken/f8c8c107-3b5f-4c19-b254-9af54602cd37.JPG,ENA_NRC254,0.0033159335143864155
TR1/takahe/71513059-f928-4894-8c89-6fabedf78985.JPG,TR1_unknown,0.2520901560783386
RKU/dunnock/5B574946-CCD2-412E-8ED2-AB98D42CF3D9_000003.jpg,RKU_CCAMH046,0.0
ENA/chicken/e7b1605b-2c32-4300-aac5-3513dc599ced.JPG,ENA_NRC254,0.0
ENA/chicken/34b9ac74-b783-4f70-b012-524f02be23ce.JPG,ENA_NRC254,0.6798095703125
ENA/chicken/88a31d26-fa88-43e8-bc74-60d422593a74.JPG,ENA_NRC254,0.6798095703125
RKU/dunnock/740D1BAF-6611-4305-82E5-D42AED404034_000010.jpg,RKU_CCAMH046,0.0
ENA/chicken/b7f2580e-7c99-4550-964b-fa38aa1fce30.JPG,ENA_NRC254,0.006386142689734697
ENA/chicken/b499f012-7509-4045-b5d4-c7a436edae36.JPG,ENA_NRC254,0.006386142689734697
ENA/chicken/08f5bd7e-1776-427a-82be-5147c01e7512.JPG,ENA_NRC254,0.3644854724407196
ENA/chicken/b5ae51c8-6b2a-4b27-8980-21830492b285.JPG,ENA_NRC254,0.3644854724407196
ENA/chicken/0a65f395-33a4-4553-a2e4-ca71bba4ecbf.JPG,ENA_NRC254,0.0
EFH/thrush/D0E56A60-6A91-4E0C-B87F-F33676F160B9.JPG,EFH_HCAMG01,0.06357099115848541
EFH/greenfinch/E1E378C8-2A8C-4AC2-BA97-6BE13E42F98F.JPG,EFH_HCAMG01,0.017802279442548752
ENA/chicken/62cecc75-0d4c-4723-b3d2-5bd209f59a80.JPG,ENA_NRC254,0.0
RKU/dunnock/DCC0C6F5-83AC-4688-B7E8-2C2851895492_000002.jpg,RKU_CCAMH046,0.0
ENA/chicken/437b5a12-c0d9-4115-b54d-62bffcbdd18d.JPG,ENA_NRC254,0.3704216182231903
RKU/dunnock/62DE28F3-B1AE-40C3-951D-37C3568F5C5C_000005.jpg,RKU_CCAMH046,0.0
ENA/chicken/46c32b20-74d1-47fd-b9c5-537263acb57a.JPG,ENA_NRC254,5.699668236047728e-06
ENA/chicken/5156436a-7fa0-45a1-9518-4a4da11b68ef.JPG,ENA_NRC254,5.699668236047728e-06
RKU/dunnock/D0287F2C-5641-45D9-9D4F-EDD9909D7D5C_000003.jpg,RKU_CCAMH046,8.16063129605027e-06
RKU/dunnock/23CBC770-F76C-49C6-A37F-137300C90D3F_000008.jpg,RKU_CCAMH046,0.0
ENA/chicken/7dbed17e-8ae2-4675-a09d-187660351cb2.JPG,ENA_NRC254,0.04366905987262726
ENA/chicken/85072811-5b39-4eba-b2ae-7c9ef4746961.JPG,ENA_NRC254,0.04366905987262726
ENA/chicken/97b98418-2e62-48b5-ad77-0caea8e916b5.JPG,ENA_NRC254,0.04366905987262726
TR1/takahe/c70e15c7-6653-412d-b961-c31fc6124891.JPG,TR1_unknown,0.46340399980545044
ENA/chicken/8a1b4a0b-601c-4b98-a420-9bed40a7aed3.JPG,ENA_NRC254,0.0
ENA/chicken/721d1a17-59e5-4c6a-87a1-a2ec3f38ecf9.JPG,ENA_NRC254,0.0
RKU/dunnock/24C70340-38D1-4C82-96CE-8D10D1624786_000004.jpg,RKU_CCAMH046,0.0
ENA/chicken/51d47726-0d8b-4680-b38d-92944321e797.JPG,ENA_NRC254,0.019222935661673546
ENA/chicken/8cf351fe-5589-4310-a8a7-ae2c615e6242.JPG,ENA_NRC254,0.019222935661673546
ENA/chicken/0d40efc6-f7bc-4415-aa42-62e831aaa44e.JPG,ENA_NRC254,0.052984729409217834
ENA/chicken/e3544115-7819-4058-882e-a583f131d2db.JPG,ENA_NRC254,0.052984729409217834
ENA/chicken/96188492-1a0f-48e1-aa64-f7d7029d13ac.JPG,ENA_NRC254,0.052984729409217834
ENA/chicken/1a6b899b-7363-4f3b-949d-c460d1c8219a.JPG,ENA_NRC254,0.0
ENA/chicken/43b737aa-28b6-4de4-b8cf-ce15915a9ffa.JPG,ENA_NRC254,0.0004275114042684436
ENA/chicken/e8f892bc-7533-4056-82b0-21b1b50cee09.JPG,ENA_NRC254,0.001656958949752152
ENA/chicken/1854d566-0c18-4745-9e1d-e88677df5cf4.JPG,ENA_NRC254,0.001656958949752152
ENA/chicken/02d82fb9-0499-4340-9f59-b35adfd4159c.JPG,ENA_NRC254,0.001656958949752152
ENA/chicken/ca942248-5555-46f2-89d7-1fa43fd88c47.JPG,ENA_NRC254,0.0
ENA/chicken/9c21141b-fe48-45f6-91c1-9676787d6842.JPG,ENA_NRC254,0.03718693181872368
EFH/greenfinch/1096DD90-95AF-4624-859E-B8B2060AE794.JPG,EFH_HCAMG01,0.012578466907143593
TR1/takahe/b5ca4bd0-dc24-485b-912a-fbbf835be052.JPG,TR1_unknown,0.45862749218940735
ENA/chicken/bd0547e3-799d-453a-abc7-bd6b93ca9eca.JPG,ENA_NRC254,0.0
ENA/chicken/b1ba1b34-6866-4c17-8cba-863d7aa471a7.JPG,ENA_NRC254,0.0
ENA/chicken/a9398bd1-7569-41e8-bf19-52833f2e2579.JPG,ENA_NRC254,0.0
ENA/chicken/c4bbf805-ced1-4fd5-aa1e-2b584b1159f6.JPG,ENA_NRC254,0.0
ENA/chicken/da9c40b0-e92d-44e3-b6e1-7495e1ee5fc6.JPG,ENA_NRC254,0.0
RKU/dunnock/816E68FC-B904-4009-89DF-F062843281D3_000003.jpg,RKU_CCAMH046,0.0
ENA/chicken/938003a1-4adf-4265-8d81-b0aabd298549.JPG,ENA_NRC254,0.004932573530822992
ENA/chicken/ea0726cc-a60b-44bb-9953-f7c5bdfa4f48.JPG,ENA_NRC254,0.007250998634845018
ENA/chicken/8eb6275b-8f3f-4c6f-9181-8da0ad7e0456.JPG,ENA_NRC254,0.002517741173505783
RKU/dunnock/34AE45A9-87C0-4BF5-A502-A2E0BFAFADB4_000009.jpg,RKU_CCAMH046,0.0
ENA/chicken/2d973ada-a279-448b-8c03-ce121c3eb9fd.JPG,ENA_NRC254,0.0
RKU/dunnock/90388E61-D1FB-4D3B-88A6-22C88026CE4D_000006.jpg,RKU_CCAMH046,0.0
EFD/robin/4161127A-00A1-4D9E-9FA9-2AE5FC57D44C.JPG,EFD_DCAME06,0.40383878350257874
ENA/chicken/51a92861-f264-4ff6-bd84-51b6e2590788.JPG,ENA_NRC254,0.0
ENA/chicken/bcdb39e0-9fe2-4fd5-818f-b40846dd874a.JPG,ENA_NRC254,0.0
ENA/chicken/feaf2c10-f027-4e9f-a072-3fb81ad66aa3.JPG,ENA_NRC254,0.020175140351057053
ENA/chicken/ca00896a-4695-4528-bc83-0768c3d8718f.JPG,ENA_NRC254,0.005071353167295456
RKU/dunnock/EAACA124-C506-4050-BF7D-901F9A1BEB12_000009.jpg,RKU_CCAMH046,0.0
RKU/dunnock/716CFD0D-A0A5-4454-AEEE-88469618E31A_000009.jpg,RKU_CCAMH046,0.0
RKU/dunnock/3062426D-11C8-40A0-B9AA-DA19AC97C1F7_000007.jpg,RKU_CCAMH046,0.00047845731023699045
TR1/takahe/912ea70a-d5ad-4f54-9818-eb6c343150b9.JPG,TR1_unknown,0.1848701536655426
RKU/dunnock/E8936116-5848-423D-B24C-2553E17BF1A2_000003.jpg,RKU_CCAMH046,0.00023096948279999197
TR1/takahe/12d167c2-2e42-4fa1-a595-22005050abf8.JPG,TR1_unknown,0.4599778652191162
ENA/chicken/3f05f1de-fe27-4788-9635-ac4dab09d9e0.JPG,ENA_NRC254,1.3105270227242727e-05
ENA/chicken/d5397a7d-e604-4962-828e-a6ee714a3854.JPG,ENA_NRC254,1.3105270227242727e-05
ENA/chicken/93f326a7-e741-410c-b55b-2e08e5c82d7c.JPG,ENA_NRC254,1.3105270227242727e-05
ENA/chicken/f8f95118-6ebd-4cdb-bcd6-eef2d7d6ff93.JPG,ENA_NRC254,0.0
ENA/chicken/5264f0ef-7bfc-4fd4-81d9-17afb0cdce07.JPG,ENA_NRC254,0.002388233784586191
TR1/takahe/350fadb2-1df9-4f03-aff9-2611697c78bf.JPG,TR1_unknown,0.4200732707977295
RKU/dunnock/DC245B34-EB11-4BAD-A4E3-E15669C30E84_000007.jpg,RKU_CCAMH046,0.0
ENA/chicken/72013bba-041e-4aaf-b737-d381cb9f4aca.JPG,ENA_NRC254,0.00045229188981465995
ENA/chicken/843caad7-c520-4b5d-adeb-5dc155aeb76b.JPG,ENA_NRC254,0.12569083273410797
ENA/chicken/1db74657-fd41-4db3-ad1e-c69500380265.JPG,ENA_NRC254,0.0028565116226673126
ENA/chicken/08c87573-5d55-4736-91bc-b7cc8749ef62.JPG,ENA_NRC254,0.5471003651618958
ENA/chicken/33feca6f-c1c3-4a1c-93dc-cfd1517da9c2.JPG,ENA_NRC254,0.5471003651618958
ENA/chicken/0d01b585-57a1-4539-9917-8e78de9b296c.JPG,ENA_NRC254,0.5471003651618958
EFD/harrier/826A2DDE-E93C-4746-9589-AF66BD7372A6.JPG,EFD_DCAMF04,0.9985929131507874
ENA/chicken/7390beaa-1821-43d5-8deb-a032a4cebba2.JPG,ENA_NRC254,0.0
ENA/chicken/4949a0fe-8682-49a2-83f8-09e55563e9a1.JPG,ENA_NRC254,0.0
RKU/dunnock/FEA83122-1BF1-41D9-8FC8-246293AB9E6B_000009.jpg,RKU_CCAMH046,0.2784263491630554
ENA/chicken/89de3d84-842f-499b-93b3-180f9a07d7d5.JPG,ENA_NRC254,0.011941841803491116
DWT/bellbird/558A1FBD-CB01-49D4-94F5-F5CE3288BEEF.JPG,DWT_BCAM668_2022_1,0.0
RKU/dunnock/831FAE15-1E91-4E17-B5D7-409615932CB5_000004.jpg,RKU_CCAMH046,0.0
ENA/chicken/1057adfa-c405-4415-800d-98a8782da48f.JPG,ENA_NRC254,0.025826960802078247
ENA/chicken/5b2e60b4-86f6-41a1-bb0d-6f26fee3e704.JPG,ENA_NRC254,0.025826960802078247
TR1/takahe/630de2d8-ad59-43f7-bab5-45a445b57bfe.JPG,TR1_unknown,0.3272089958190918
TR1/takahe/de28c9f2-24de-4f59-a08d-068df69ec2b7.JPG,TR1_unknown,0.20964983105659485
ENA/chicken/df658536-d831-4181-8bf7-99c6eb6c7c51.JPG,ENA_NRC254,0.00018956835265271366
ENA/chicken/c66b1f30-cea6-4f5b-aee1-3901c308d433.JPG,ENA_NRC254,0.00018956835265271366
RKU/dunnock/24C15406-53C0-4EEE-A2BA-E57C73478980_000007.jpg,RKU_CCAMH046,0.00022851748508401215
Z20/kereru/ad91b7f2-4911-4e17-8603-e165057758ac.JPG,Z20_3SIA350,0.914185643196106
RKU/dunnock/6F885CBD-92C0-4FE9-8854-6997B7257AA9_000003.jpg,RKU_CCAMH046,0.0
RKU/dunnock/831FAE15-1E91-4E17-B5D7-409615932CB5_000009.jpg,RKU_CCAMH046,0.0
EFH/fantail/1FC05D80-7C9A-4C28-B48D-3BE70339988D.JPG,EFH_HCAMC08,0.2961587905883789
RKU/dunnock/23CBC770-F76C-49C6-A37F-137300C90D3F_000003.jpg,RKU_CCAMH046,0.0
RKU/dunnock/DC245B34-EB11-4BAD-A4E3-E15669C30E84_000002.jpg,RKU_CCAMH046,0.0
ENA/chicken/0fe5ca51-1e0e-4b54-9f24-eb6a83d41bcd.JPG,ENA_NRC254,0.0014426930574700236
RKU/dunnock/83CDF4BB-48A6-44F8-B8FB-93667BD9BE89_000004.jpg,RKU_CCAMH046,0.0
TGH/harrier/b74665be-671b-408d-9ea8-901c28794b28.JPG,TGH_CAM75,0.2767722010612488
TR1/takahe/40881d8f-5f2f-4be2-85b4-0dfb3517cf09.JPG,TR1_unknown,0.055626384913921356
RKU/dunnock/3577B458-E587-47E1-A52E-4EC8F36CC260_000005.jpg,RKU_CCAMH046,0.0
TR1/weka/dd95628e-488b-417a-a5ce-8a58541b40a5.JPG,TR1_TARK14T1H,0.8516770005226135
EFH/starling/4DEF02F3-B47D-4570-A8DB-B2B9F20E40DD.JPG,EFH_HCAMG01,0.0
RKU/dunnock/81D5B531-F3C6-47BC-A857-41A4813367AB_000001.jpg,RKU_CCAMH046,0.0
EFD/chaffinch/FC65553D-638F-4B2B-9C67-BF22F0A6ACA0.JPG,EFD_DCAME06,0.2579464018344879
ENA/chicken/4e2a671e-2c42-477c-9682-03abc05fde7d.JPG,ENA_NRC254,0.001312333857640624
ENA/chicken/dd3fdc31-0153-4320-ba21-1593a79f93c0.JPG,ENA_NRC254,0.001000302261672914
ENA/chicken/63390f0b-30f3-4f6e-bdae-e1ca33f08168.JPG,ENA_NRC254,0.001000302261672914
TR1/takahe/2a0d0fc9-af0b-44b0-82cd-63d1dd892ee7.JPG,TR1_unknown,0.22663825750350952
KCR/dunnock/5ee5a2e6-d4a4-4751-b7df-f5518efa964c.JPG,KCR_MIL8,0.29843083024024963
ENA/chicken/213768e1-51e4-49a3-9dc8-0a6c6957f41b.JPG,ENA_NRC254,0.5042278170585632
ENA/chicken/717c20a5-06f2-4f4e-bdbb-e21f64ac5ebe.JPG,ENA_NRC254,0.5042278170585632
RKU/dunnock/740D1BAF-6611-4305-82E5-D42AED404034_000006.jpg,RKU_CCAMH046,0.0
ENA/chicken/e3566607-11aa-4bda-a365-bbdd3f581eaf.JPG,ENA_NRC254,0.0
ENA/chicken/ff1036f6-28d0-4911-847d-e54eabf804cd.JPG,ENA_NRC254,0.6377158164978027
ENA/chicken/2ea4037c-5bfc-4881-b981-b223c45f3b2e.JPG,ENA_NRC254,0.0933234840631485
TR1/kiwi/de84545f-170c-4469-9200-d0183a9696dc.JPG,TR1_TARK34T2J,0.8175627589225769
RKU/dunnock/3577B458-E587-47E1-A52E-4EC8F36CC260_000003.jpg,RKU_CCAMH046,0.0
TR1/takahe/1b57879d-e686-4066-8ac3-4b1161d6ad0a.JPG,TR1_unknown,0.3454136848449707
LR3/pipit/94EABAE7-BE71-4E06-971A-48C32FFBC8F8.JPG,LR3_EC107,0.004285920411348343
TR1/takahe/feead0db-ebc4-41ca-b080-5ac4bd01ce10.JPG,TR1_unknown,0.29749858379364014
RKU/dunnock/EAACA124-C506-4050-BF7D-901F9A1BEB12_000003.jpg,RKU_CCAMH046,0.0
ENA/chicken/0bafb0a5-21c8-4dcf-afad-69f72010d610.JPG,ENA_NRC254,0.004967593587934971
TR1/morepork/3f9aa3c1-8e6d-4abe-9ad0-4158a3aaf042.JPG,TR1_unknown,0.4524112343788147
RKU/dunnock/2521B88A-68BE-4C47-B00E-D6113E108886_000001.jpg,RKU_CCAMH046,0.0
ENA/chicken/a26bdd3b-be3d-4439-83e1-c4444d9366ed.JPG,ENA_NRC254,0.0
ENA/chicken/1d5c89b5-c250-4341-93b3-95af4c2bb118.JPG,ENA_NRC254,0.0
RKU/dunnock/3577B458-E587-47E1-A52E-4EC8F36CC260_000004.jpg,RKU_CCAMH046,0.0
ENA/chicken/2cc1d8f9-263d-4752-bc32-20c0857a0922.JPG,ENA_NRC254,0.008547757752239704
ENA/chicken/87689794-29ff-4f13-a58d-bb43b836a8f9.JPG,ENA_NRC254,0.0
ENA/chicken/b0dab65b-011d-4040-9ef0-fc245238ad55.JPG,ENA_NRC254,8.47942428663373e-05
RKU/dunnock/24C70340-38D1-4C82-96CE-8D10D1624786_000001.jpg,RKU_CCAMH046,2.33568266594375e-06
RKU/dunnock/E8936116-5848-423D-B24C-2553E17BF1A2_000001.jpg,RKU_CCAMH046,0.031562916934490204
ENA/chicken/baaa02ab-e50c-425f-90f7-631588771c0b.JPG,ENA_NRC254,0.002356545999646187
ENA/chicken/afca34f0-5ff7-4f2d-9e1d-631739bc735d.JPG,ENA_NRC254,0.0001908421836560592
RKU/dunnock/EAACA124-C506-4050-BF7D-901F9A1BEB12_000004.jpg,RKU_CCAMH046,0.0
ENA/chicken/e2a61b1c-1fc9-41f1-9afa-53afb43fcf51.JPG,ENA_NRC254,0.007352245040237904
ENA/chicken/3b0fa453-5aef-4772-b181-8d4e5251a64a.JPG,ENA_NRC254,0.0
ENA/chicken/11159e32-5141-4d61-bb57-736e62a3a7c3.JPG,ENA_NRC254,0.0
TR1/takahe/f757a84a-b92e-41d9-b10a-2e5012bcb15a.JPG,TR1_unknown,0.2013251632452011
TR1/takahe/8b568cf9-5d4e-414d-ac3c-3d4da0916af6.JPG,TR1_unknown,0.18129552900791168
TR1/takahe/86b08961-a797-4661-b164-ab2652fdc643.JPG,TR1_unknown,0.5566040873527527
RKU/dunnock/34AE45A9-87C0-4BF5-A502-A2E0BFAFADB4_000004.jpg,RKU_CCAMH046,0.0
ENA/chicken/6ddd2ba6-ad07-43d6-9295-c9e759992b4a.JPG,ENA_NRC254,0.0
EFD/yellowhammer/0E167E1E-C66B-4BFF-926B-14297BC3EDA2.JPG,EFD_DCAMF06,
ENA/chicken/0d1de57a-5952-4c6e-b4a5-f36d105c24f3.JPG,ENA_NRC254,0.022178739309310913
ENA/chicken/501366d3-5974-4b2c-9915-7f743565c3ca.JPG,ENA_NRC254,0.022178739309310913
ENA/chicken/4191be40-30b8-4c12-8339-c90eb592d47c.JPG,ENA_NRC254,0.022178739309310913
RKU/dunnock/DC245B34-EB11-4BAD-A4E3-E15669C30E84_000004.jpg,RKU_CCAMH046,0.0
TR1/takahe/90efb062-0413-4655-856e-28a064df0b20.JPG,TR1_unknown,0.40031254291534424
RKU/dunnock/F177AD67-A09F-426A-BF69-D13B58335B0D_000003.jpg,RKU_CCAMH046,0.0
TR1/takahe/a98ca036-dcf0-40a0-a2a3-87f476bcbacc.JPG,TR1_unknown,0.22082844376564026
ENA/chicken/b8e35c31-cde1-4ce8-ad89-6a87943c7128.JPG,ENA_NRC254,0.30717411637306213
ENA/chicken/e24a6c79-cc52-4c72-9217-51ccb7a3aa04.JPG,ENA_NRC254,0.5951115489006042
RKU/dunnock/2521B88A-68BE-4C47-B00E-D6113E108886_000004.jpg,RKU_CCAMH046,0.0
ENA/chicken/5a5f3c4a-b769-4df0-984d-2166d34f67bd.JPG,ENA_NRC254,0.0
ENA/chicken/b05927a8-ab07-4773-870f-7f5f20ba95bd.JPG,ENA_NRC254,0.0
ENA/chicken/44ddcd96-6923-4394-b4d6-e72828bc6baa.JPG,ENA_NRC254,0.0
TR1/takahe/2477ae83-6d2a-4168-9fc4-5cb7c63ad315.JPG,TR1_unknown,0.5096786022186279
ENA/chicken/38722507-f48c-4cfa-afe1-ceccdb8beb09.JPG,ENA_NRC254,0.22526593506336212
RKU/dunnock/C6BDC4DC-0499-44DA-B627-844142218CE6_000001.jpg,RKU_CCAMH046,0.0
RKU/dunnock/DC245B34-EB11-4BAD-A4E3-E15669C30E84_000010.jpg,RKU_CCAMH046,0.0
RKU/dunnock/EAACA124-C506-4050-BF7D-901F9A1BEB12_000007.jpg,RKU_CCAMH046,0.0
Z20/kereru/bcbb8b2d-2691-4ff3-9809-524ba05da899.JPG,Z20_3SIA350,0.9873641133308411
KCR/fantail/bfc99c74-3c5c-4411-a9a6-b8a4b1c41bd9.JPG,KCR_RYA5,0.21976150572299957
RKU/dunnock/6F885CBD-92C0-4FE9-8854-6997B7257AA9_000010.jpg,RKU_CCAMH046,0.0
ENA/chicken/939ded2f-dbde-4db6-b890-f93af00524ec.JPG,ENA_NRC254,0.0
ENA/chicken/22ad6ad7-84bb-4c81-9b03-5fd8f87aa9ad.JPG,ENA_NRC254,0.0
ENA/chicken/d9baf130-8eb4-46e3-9a72-f7f4157f27bb.JPG,ENA_NRC254,0.0
ENA/chicken/83d78b60-2130-4f26-a64a-bf9d15ae9d82.JPG,ENA_NRC254,0.0
RKU/dunnock/D0287F2C-5641-45D9-9D4F-EDD9909D7D5C_000005.jpg,RKU_CCAMH046,0.0
TR1/takahe/d66aa467-4f3e-4c05-b20f-7cc69ecd0e50.JPG,TR1_unknown,0.06256584823131561
ENA/chicken/69d05ccb-b30f-4d3f-b600-3d07ad1402a7.JPG,ENA_NRC254,0.0
ENA/chicken/bc62073e-644b-47ca-bbfc-4edb43f69395.JPG,ENA_NRC254,0.0
RKU/dunnock/3BF1BC4C-5F44-4452-ABA7-43210E930A63_000001.jpg,RKU_CCAMH046,0.0
RKU/dunnock/3062426D-11C8-40A0-B9AA-DA19AC97C1F7_000008.jpg,RKU_CCAMH046,0.0
Z20/tomtit/c0e1ea8f-0189-4aed-9098-0501fae33e9d.JPG,Z20_3LFO2000,0.008630848489701748
TR1/takahe/4a20cbcf-2598-48ac-aefd-7154ae120ce2.JPG,TR1_unknown,0.13615350425243378
TR1/takahe/cb15fafe-18e0-4992-992c-a5111c55d41b.JPG,TR1_unknown,0.1405632495880127
RKU/dunnock/740D1BAF-6611-4305-82E5-D42AED404034_000008.jpg,RKU_CCAMH046,0.0
TR1/takahe/e10d320f-461e-4063-9482-a564bd7e2f05.JPG,TR1_unknown,0.6602540016174316
RKU/dunnock/24C70340-38D1-4C82-96CE-8D10D1624786_000008.jpg,RKU_CCAMH046,0.0
TR1/takahe/814de77b-157b-4d8f-b1c1-9e7bf06b0167.JPG,TR1_unknown,0.3295559287071228
EFD/chaffinch/B83FB2FF-4D3A-462E-B614-44CC32EE80D6.JPG,EFD_DCAMH09,0.6088823676109314
ENA/chicken/99fec3ce-2062-42f3-96fc-7e83bca7cb99.JPG,ENA_NRC254,5.7914388889912516e-05
TR1/takahe/411b386a-14c5-4af8-96ff-e45b38440c31.JPG,TR1_unknown,0.4092312753200531
TR1/takahe/fd3e5c8d-9608-46e2-976f-a01042c95214.JPG,TR1_unknown,0.010371631011366844
LR3/pipit/F5B1F8C1-35CA-4633-B2BB-FE792BCFEF6C.JPG,LR3_EC107,0.0
TR1/takahe/cecd5014-0e90-4eab-a690-4f68bedfab5f.JPG,TR1_unknown,0.22756631672382355
RKU/dunnock/740D1BAF-6611-4305-82E5-D42AED404034_000001.jpg,RKU_CCAMH046,0.0
RKU/dunnock/EAACA124-C506-4050-BF7D-901F9A1BEB12_000001.jpg,RKU_CCAMH046,0.0
AHO/dunnock/dbfbeb28-d346-4bcb-be6c-e1173ed38e58.JPG,AHO_H1.1.1,0.6777566075325012
LR3/pipit/E8CE2FF2-0B11-4622-A1CB-80F6D812524A.JPG,LR3_EC107,0.0
TR1/takahe/cade74db-6316-427f-9e22-891414a8dc79.JPG,TR1_unknown,0.17864085733890533
RKU/dunnock/24C70340-38D1-4C82-96CE-8D10D1624786_000006.jpg,RKU_CCAMH046,0.0
TR1/takahe/c97dfff3-b737-4585-90e4-89fee4943041.JPG,TR1_unknown,0.001494292402639985
TR1/takahe/8fb92aa0-c013-474f-ae66-d5a19a4d664f.JPG,TR1_unknown,0.41168251633644104
TR1/takahe/cd01c3b9-2ed0-485d-a860-48bbeef57921.JPG,TR1_unknown,0.1271876096725464
RKU/dunnock/AFEFEBC3-FBCE-48AC-BB91-A681A863CA9B_000001.jpg,RKU_CCAMH046,0.0
ENA/chicken/3c4ab4a7-6f0b-40f3-afaf-b25f94f75aa5.JPG,ENA_NRC254,0.00499161658808589
ENA/chicken/a2bd9dfb-c024-4e64-801d-ee28d1e397ca.JPG,ENA_NRC254,0.00499161658808589
RKU/dunnock/CA6044BB-23FE-4811-B2A3-C7C6DBDC9F9A_000002.jpg,RKU_CCAMH046,0.00010925091191893443
RKU/dunnock/2521B88A-68BE-4C47-B00E-D6113E108886_000002.jpg,RKU_CCAMH046,0.0
DWT/weka/5E2D25B7-FDF9-4618-885C-8DA7929C40CC.JPG,DWT_BCAM668_2022_1,0.6608778834342957
ENA/chicken/3ea5e4ef-6095-466e-979a-f9c0ccf37e22.JPG,ENA_NRC254,0.0
ENA/chicken/de70da28-27e8-49bc-9048-bf4b200b25f6.JPG,ENA_NRC254,0.0
RKU/dunnock/3BF1BC4C-5F44-4452-ABA7-43210E930A63_000002.jpg,RKU_CCAMH046,0.0
ENA/chicken/fbcdc017-fb72-4c82-b9a1-3241db3102ff.JPG,ENA_NRC254,9.091159154195338e-05
RKU/dunnock/24C70340-38D1-4C82-96CE-8D10D1624786_000003.jpg,RKU_CCAMH046,0.0
ENA/chicken/bf4cdc0e-fd50-40e6-8b4b-a89d3a7c5d31.JPG,ENA_NRC254,0.2932854890823364
RKU/dunnock/D0287F2C-5641-45D9-9D4F-EDD9909D7D5C_000002.jpg,RKU_CCAMH046,0.0
TR1/takahe/faf3abca-3a1d-4c57-9e5c-bcc7bd311336.JPG,TR1_unknown,0.22937655448913574
TR1/takahe/9c2e528d-dcb9-41bc-b33a-a0dad5eac433.JPG,TR1_unknown,0.05676962807774544
RKU/dunnock/76A68F03-D78E-424C-93CD-A5E34210DD59_000007.jpg,RKU_CCAMH046,0.0
TR1/takahe/8ab59801-747e-45d3-a2c9-598d3cb28870.JPG,TR1_unknown,0.21357984840869904
AIV/pipit/B03A18DC-603C-4353-9D0B-B4B3B10112BE_000007.jpg,AIV_DCAMF02,0.0
TR1/takahe/49c0a5c4-4b7a-4c51-a520-f61bf98ad2fb.JPG,TR1_unknown,0.10204702615737915
TR1/takahe/cbf1ddb9-1447-4de9-814b-5389bd1d3d12.JPG,TR1_unknown,0.030477143824100494
TR1/takahe/8cdc5626-86e5-4ad5-9145-4a0b9b71d347.JPG,TR1_unknown,0.28324124217033386
RKU/dunnock/716CFD0D-A0A5-4454-AEEE-88469618E31A_000008.jpg,RKU_CCAMH046,0.0
ENA/chicken/a2f4b48d-8881-48d4-9c09-c4988fe19c62.JPG,ENA_NRC254,0.5849609375
MAS/bellbird/A7BFD86A-50FA-49FE-8576-C816E105F333.JPG,MAS_A1_4_21,0.0
RKU/dunnock/3577B458-E587-47E1-A52E-4EC8F36CC260_000009.jpg,RKU_CCAMH046,0.0
RKU/dunnock/EAACA124-C506-4050-BF7D-901F9A1BEB12_000008.jpg,RKU_CCAMH046,0.0
RKU/dunnock/F89E1D29-FFB7-43A0-865F-533BE4A623EB_000005.jpg,RKU_CCAMH046,2.8099725568608847e-07
RKU/dunnock/CA6044BB-23FE-4811-B2A3-C7C6DBDC9F9A_000004.jpg,RKU_CCAMH046,0.0
EFD/canada_goose/F1AFE0CA-8EA4-417E-A4C6-302CBCB1F0F4.JPG,EFD_DCAME04,0.9090381264686584
RKU/dunnock/831FAE15-1E91-4E17-B5D7-409615932CB5_000005.jpg,RKU_CCAMH046,0.0
ENA/chicken/a74e6c6f-1bf6-4c4c-966a-877a92ab9cef.JPG,ENA_NRC254,0.0
ENA/chicken/af0cb199-22f9-4aaf-97f5-e3a1e688a142.JPG,ENA_NRC254,0.0
TR1/takahe/9768e0ed-fef8-4c9e-8bd3-37eaa1f2be78.JPG,TR1_unknown,0.5045446753501892
RKU/dunnock/E2B59748-D54F-4308-AC38-1FE375E7703F_000001.jpg,RKU_CCAMH046,0.0
RKU/dunnock/716CFD0D-A0A5-4454-AEEE-88469618E31A_000006.jpg,RKU_CCAMH046,0.0
TR1/takahe/9ff09df3-5c7d-4901-8c51-a3daa1f1e886.JPG,TR1_unknown,0.16994144022464752
RKU/dunnock/7C765569-307F-4971-B113-4DBD25B95743_000001.jpg,RKU_CCAMH046,0.0
RKU/dunnock/716CFD0D-A0A5-4454-AEEE-88469618E31A_000001.jpg,RKU_CCAMH046,0.0
EFH/greenfinch/AD96987D-5D2C-445D-B77B-2A78EF67B2AF.JPG,EFH_HCAMG01,0.0010821342002600431
RKU/dunnock/35754E95-E5C2-43DB-A404-3E5F77E8DAB1_000009.jpg,RKU_CCAMH046,0.0
LR3/pipit/F6AD09AD-D271-4E9E-953C-A0BC4634A172.JPG,LR3_EC107,0.0
EFH/rifleman/D99B9FE6-8BE5-4F23-A226-50A3CFB593B5.JPG,EFH_HCAMC08,0.0
TR1/takahe/3dddb8e1-b87e-4195-a08d-4dda12189225.JPG,TR1_unknown,0.14104796946048737
RKU/dunnock/2521B88A-68BE-4C47-B00E-D6113E108886_000003.jpg,RKU_CCAMH046,0.0
EFH/rifleman/D88ACE9D-A60F-4268-8BC9-77B04BB0D521.JPG,EFH_HCAMC07,0.16304782032966614
PS3/kea/1c647e5f-372a-447e-adfe-f5823e11f40a.JPG,PS3_CAMGC43,0.879997730255127
RKU/dunnock/4A29E309-542F-4EF8-8BD8-CBEAFE34C41B_000005.jpg,RKU_CCAMH046,0.0
EFH/kiwi/41F96D8E-7BA8-426B-9FB8-3DE804ABA302.JPG,EFH_HCAME02,0.5244247913360596
TR1/takahe/bbcad1bf-756a-4c18-96a0-ea249fee4154.JPG,TR1_unknown,0.3972257971763611
LR3/pipit/00293F51-8ABF-45CF-82E5-A2682FC727DF.JPG,LR3_EC107,0.0
TR1/takahe/d31773bf-bc5e-4b54-aa8c-a7894d2d0d84.JPG,TR1_unknown,0.1974184513092041
EFH/kea/7224F080-6799-4303-8F13-B5CC6654EB62.JPG,EFH_HCAMJ02,0.8895109295845032
TR1/takahe/0e5a4b03-6166-4a35-8a43-d8ea8fbb30d2.JPG,TR1_unknown,0.054352860897779465
TR1/takahe/e623c928-a6de-47bd-ba8d-a61022dddbce.JPG,TR1_unknown,0.461631178855896
RKU/dunnock/D0287F2C-5641-45D9-9D4F-EDD9909D7D5C_000004.jpg,RKU_CCAMH046,0.0
RKU/dunnock/465970FB-3761-4E2D-A28D-5883134FCA51_000001.jpg,RKU_CCAMH046,0.0
TR1/takahe/18d62960-5e71-4c4f-bf5c-4018d288fd94.JPG,TR1_unknown,0.44475895166397095
RKU/dunnock/24C70340-38D1-4C82-96CE-8D10D1624786_000010.jpg,RKU_CCAMH046,0.0
RKU/dunnock/58AF078E-03A6-4E77-A92E-6BAAC3504D09_000008.jpg,RKU_CCAMH046,0.0
EFH/chaffinch/52782AB6-7CEC-4440-A990-9720799941A0.JPG,EFH_HCAMH06,0.0
EFD/harrier/75A0A8E0-7B72-48BE-8BBB-63E6E96C0B65.JPG,EFD_DCAMF02,0.9428969621658325
TR1/takahe/54b873a1-df18-40a5-959e-ce1db86622d2.JPG,TR1_unknown,0.159775972366333
ENA/chicken/5ab2a507-a33f-4fc0-b2b1-4b75dd0652e1.JPG,ENA_NRC254,0.0
ENA/chicken/a3feccdc-8ca1-49c9-b5a4-4e9431fa3fab.JPG,ENA_NRC254,0.0
TR1/takahe/feedcafc-9f60-4877-ba92-c999bd0194e6.JPG,TR1_unknown,0.10883258283138275
TR1/takahe/7a0f8a62-5ffb-4416-9e3b-2e8e1009a93c.JPG,TR1_unknown,0.1447983980178833
TR1/takahe/37c79300-348a-445c-8570-ad15beb24ae0.JPG,TR1_unknown,0.45261985063552856
RMP/pukeko/53555FD3-8FFC-404E-ACA1-528DA2E678C3.JPG,RMP_HCAMM20,0.9041582345962524
Z20/tomtit/d8cf19c5-4c1f-4bf6-9e25-938202f7959d.JPG,Z20_3K4500,0.01377748604863882
RKU/dunnock/F89E1D29-FFB7-43A0-865F-533BE4A623EB_000009.jpg,RKU_CCAMH046,0.0
LR3/pipit/7462F513-7E67-4856-958D-236CBEE4D0AD.JPG,LR3_EC107,0.014597347937524319
TR1/takahe/17f0ad7e-eb30-4970-a0df-2f8c9bd65e4a.JPG,TR1_unknown,0.2781563401222229
RKU/dunnock/6F885CBD-92C0-4FE9-8854-6997B7257AA9_000007.jpg,RKU_CCAMH046,0.0
TR1/takahe/cb5b8915-8519-4d5d-aacf-991d1c43a299.JPG,TR1_unknown,0.157025545835495
RKU/dunnock/DC245B34-EB11-4BAD-A4E3-E15669C30E84_000008.jpg,RKU_CCAMH046,0.0
ENA/chicken/9591df8e-7802-42d0-857b-2178e021645e.JPG,ENA_NRC254,0.0
ENA/chicken/bf731399-0eaf-4726-9134-d0d2de20dd6a.JPG,ENA_NRC254,0.0
TR1/takahe/b27ed475-3d19-4267-b18a-cfceaaf46e5b.JPG,TR1_unknown,0.30248787999153137
RKU/dunnock/50D2A8EA-1A7A-4B4D-A3EA-EECF91F02989_000002.jpg,RKU_CCAMH046,0.0
Z20/kiwi/da8f8b63-f314-4875-ba15-6b36370cdd93.JPG,Z20_3LFO2000,0.9996573328971863
TR1/takahe/eca5fc6f-d5c3-42e8-aaa1-bef5fe783149.JPG,TR1_unknown,0.26511383056640625
ENA/chicken/4006dea5-67c0-48eb-884d-84475d07730d.JPG,ENA_NRC254,0.1894790232181549
DWT/bellbird/8E46F480-FAE1-4EF1-AB92-367A25666009.JPG,DWT_BCAM668_2022_1,0.0
RKU/dunnock/F89E1D29-FFB7-43A0-865F-533BE4A623EB_000004.jpg,RKU_CCAMH046,5.11327016283758e-07
RKU/dunnock/FEA83122-1BF1-41D9-8FC8-246293AB9E6B_000007.jpg,RKU_CCAMH046,0.0
TR1/takahe/4646d226-1196-4287-9859-466b5490d8c1.JPG,TR1_unknown,0.1509045660495758
DWT/weka/BABAA0B9-F058-4074-8EA3-7D8812A61C24.JPG,DWT_BCAM668_2022_1,0.0
ZIO/fantail/9e318dcf-4834-4f16-a28b-73bb5331a210.JPG,ZIO_STATION13,0.0
TR1/takahe/3f87d8c4-7dd4-44b8-8859-ccc7a25b6189.JPG,TR1_unknown,0.39823755621910095
